"as_of_date","variable","c_value","i_value","f_value","e_value","v_value","average_pre_cv"
2020-03-04,"delayable",107.27,,,,,"4089430"
2020-03-05,"delayable",108.74,,,,,"4089430"
2020-03-06,"delayable",109.89,,,,,"4089430"
2020-03-07,"delayable",108.785,,,,,"4089430"
2020-03-08,"delayable",108.785,,,,,"4089430"
2020-03-09,"delayable",107.68,,,,,"4089430"
2020-03-10,"delayable",107.3,,,,,"4089430"
2020-03-11,"delayable",107.17,,,,,"4089430"
2020-03-12,"delayable",106.2,,,,,"4089430"
2020-03-13,"delayable",106.02,,,,,"4089430"
2020-03-14,"delayable",104.77,,,,,"4089430"
2020-03-15,"delayable",104.77,,,,,"4089430"
2020-03-16,"delayable",103.52,,,,,"4089430"
2020-03-17,"delayable",103.21,,,,,"4089430"
2020-03-18,"delayable",102.3,,,,,"4089430"
2020-03-19,"delayable",100.52,,,,,"4089430"
2020-03-20,"delayable",99.05,,,,,"4089430"
2020-03-21,"delayable",89.99,,,,,"4089430"
2020-03-22,"delayable",89.99,,,,,"4089430"
2020-03-23,"delayable",80.93,,0.224309989411727,,,"4089430"
2020-03-24,"delayable",76.06,,0.289282369425568,,,"4089430"
2020-03-25,"delayable",69.34,,0.313931281376622,,,"4089430"
2020-03-26,"delayable",63.73,,0.320900467791355,,,"4089430"
2020-03-27,"delayable",57.43,,0.326084564352489,,,"4089430"
2020-03-28,"delayable",50.785,,0.33031498277266,,,"4089430"
2020-03-29,"delayable",50.785,,0.332784764624899,,,"4089430"
2020-03-30,"delayable",44.14,,0.347236656453344,,,"4089430"
2020-03-31,"delayable",44.51,91.7,0.348532680593628,3982734.71046536,2.8,"4089430"
2020-04-01,"delayable",46.72,,0.435488564420958,,,"4089430"
2020-04-02,"delayable",48.2,,0.435977630134273,,,"4089430"
2020-04-03,"delayable",49.3,,0.437640453559543,,,"4089430"
2020-04-04,"delayable",50.535,,0.438545225129174,,,"4089430"
2020-04-05,"delayable",50.535,,0.438618584986172,,,"4089430"
2020-04-06,"delayable",51.77,,0.449671470107081,,,"4089430"
2020-04-07,"delayable",51.23,,0.449916002963738,,,"4089430"
2020-04-08,"delayable",51.87,,0.45030725553439,,,"4089430"
2020-04-09,"delayable",53.09,,0.450600694962379,,,"4089430"
2020-04-10,"delayable",53.235,,0.45099194753303,,,"4089430"
2020-04-11,"delayable",53.235,,0.450698508105042,,,"4089430"
2020-04-12,"delayable",53.235,,0.45030725553439,,,"4089430"
2020-04-13,"delayable",53.235,,0.451676639531671,,,"4089430"
2020-04-14,"delayable",53.38,,0.452165705244985,,,"4089430"
2020-04-15,"delayable",53.31,,0.452239065101982,,,"4089430"
2020-04-16,"delayable",52.71,,0.452532504529971,,,"4089430"
2020-04-17,"delayable",54.01,,0.4526547709583,,,"4089430"
2020-04-18,"delayable",54.21,,0.450258348963058,,,"4089430"
2020-04-19,"delayable",54.21,,0.449720376678412,,,"4089430"
2020-04-20,"delayable",54.41,,0.452605864386968,,,"4089430"
2020-04-21,"delayable",56.4,,0.452410238101643,,,"4089430"
2020-04-22,"delayable",56.79,,0.452508051244305,,,"4089430"
2020-04-23,"delayable",57.04,,0.452336878244645,,,"4089430"
2020-04-24,"delayable",57.17,,0.452679224243966,,,"4089430"
2020-04-25,"delayable",58.52,,0.44996490953507,,,"4089430"
2020-04-26,"delayable",58.52,,0.449280217536429,,,"4089430"
2020-04-27,"delayable",59.87,,0.451676639531671,,,"4089430"
2020-04-28,"delayable",60.68,,0.451481013246345,,,"4089430"
2020-04-29,"delayable",61.88,,0.451236480389688,,,"4089430"
2020-04-30,"delayable",62.33,66.2,0.451212027104022,,,"4089430"
2020-05-01,"delayable",64.02,,0.442188764693368,,,"4089430"
2020-05-02,"delayable",64.47,,0.439841249269458,,,"4089430"
2020-05-03,"delayable",64.47,,0.441797512122716,,,"4089430"
2020-05-04,"delayable",64.92,,0.443680415118977,,,"4089430"
2020-05-05,"delayable",65.89,,0.443533695404983,,,"4089430"
2020-05-06,"delayable",65.95,,0.443338069119657,,,"4089430"
2020-05-07,"delayable",66.98,,0.443386975690989,,,"4089430"
2020-05-08,"delayable",66.255,,0.443509242119317,,,"4089430"
2020-05-09,"delayable",66.255,,0.441821965408382,,,"4089430"
2020-05-10,"delayable",66.255,,0.441283993123736,,,"4089430"
2020-05-11,"delayable",65.53,,0.441699698980053,,,"4089430"
2020-05-12,"delayable",64.92,,0.441504072694728,,,"4089430"
2020-05-13,"delayable",65.38,,0.441283993123736,,,"4089430"
2020-05-14,"delayable",65.27,,0.441137273409742,,,"4089430"
2020-05-15,"delayable",66.3,,0.441161726695407,,,"4089430"
2020-05-16,"delayable",67.155,,0.438618584986172,,,"4089430"
2020-05-17,"delayable",67.155,,0.438080612701526,,,"4089430"
2020-05-18,"delayable",68.01,,0.438276238986851,,,"4089430"
2020-05-19,"delayable",68.6,,0.438031706130194,,,"4089430"
2020-05-20,"delayable",69.35,,0.4378849864162,,,"4089430"
2020-05-21,"delayable",70.5,,0.436857948418239,,,"4089430"
2020-05-22,"delayable",71.95,,0.436686775418579,,,"4089430"
2020-05-23,"delayable",72.755,,0.434632699422658,,,"4089430"
2020-05-24,"delayable",72.755,,0.433752381138692,,,"4089430"
2020-05-25,"delayable",72.755,,0.433752381138692,,,"4089430"
2020-05-26,"delayable",73.56,,0.432969875997388,,,"4089430"
2020-05-27,"delayable",73.04,,0.432529716855405,,,"4089430"
2020-05-28,"delayable",72.67,,0.430206654717161,,,"4089430"
2020-05-29,"delayable",72.57,,0.429521962718521,,,"4089430"
2020-05-30,"delayable",72.85,,0.424240053014723,,,"4089430"
2020-05-31,"delayable",72.85,74.7,0.41893369002526,,,"4089430"
2020-06-01,"delayable",73.13,,0.364598489276012,,,"4089430"
2020-06-02,"delayable",77.09,,0.364305049848023,,,"4089430"
2020-06-03,"delayable",76.94,,0.36420723670536,,,"4089430"
2020-06-04,"delayable",76.75,,0.364060516991366,,,"4089430"
2020-06-05,"delayable",77.29,,0.364133876848363,,,"4089430"
2020-06-06,"delayable",80.42,,0.361150575997144,,,"4089430"
2020-06-07,"delayable",80.42,,0.359756738714197,,,"4089430"
2020-06-08,"delayable",83.55,,0.359610019000203,,,"4089430"
2020-06-09,"delayable",83.12,,0.35951220585754,,,"4089430"
2020-06-10,"delayable",84.63,,0.359536659143206,,,"4089430"
2020-06-11,"delayable",87.03,,0.359561112428872,,,"4089430"
2020-06-12,"delayable",86.8,,0.359463299286209,,,"4089430"
2020-06-13,"delayable",85.515,,0.35767820943261,,,"4089430"
2020-06-14,"delayable",85.515,,0.353423337726774,,,"4089430"
2020-06-15,"delayable",84.23,,0.351491528159181,,,"4089430"
2020-06-16,"delayable",85.93,,0.349412998877594,,,"4089430"
2020-06-17,"delayable",87.22,,0.34909510616394,,,"4089430"
2020-06-18,"delayable",87.19,,0.348875026592948,,,"4089430"
2020-06-19,"delayable",88.45,,0.348703853593288,,,"4089430"
2020-06-20,"delayable",92.42,,0.347065483453684,,,"4089430"
2020-06-21,"delayable",92.42,,0.343959916174137,,,"4089430"
2020-06-22,"delayable",96.39,,0.342370452605864,,,"4089430"
2020-06-23,"delayable",96.41,,0.341954746749547,,,"4089430"
2020-06-24,"delayable",97.1,,0.339289338611983,,,"4089430"
2020-06-25,"delayable",95.34,,0.338702459756005,,,"4089430"
2020-06-26,"delayable",98.67,,0.337650968472379,,,"4089430"
2020-06-27,"delayable",99.45,,0.332540231768242,,,"4089430"
2020-06-28,"delayable",99.45,,0.328945598775379,,,"4089430"
2020-06-29,"delayable",100.23,,0.3249352599262,,,"4089430"
2020-06-30,"delayable",100.92,95.9,0.324201661356228,3913654.38359479,0.8,"4089430"
2020-07-01,"delayable",100.76,,0.232990905823061,,,"4089430"
2020-07-02,"delayable",103.34,,0.232941999251729,,,"4089430"
2020-07-03,"delayable",102.92,,0.232648559823741,,,"4089430"
2020-07-04,"delayable",102.56,,0.232232853967423,,,"4089430"
2020-07-05,"delayable",102.56,,0.231670428397112,,,"4089430"
2020-07-06,"delayable",102.2,,0.229909791829179,,,"4089430"
2020-07-07,"delayable",101.6,,0.22927400640187,,,"4089430"
2020-07-08,"delayable",102.5,,0.22876048740289,,,"4089430"
2020-07-09,"delayable",101.65,,0.228320328260907,,,"4089430"
2020-07-10,"delayable",99.38,,0.227953528975921,,,"4089430"
2020-07-11,"delayable",96.72,,0.227219930405949,,,"4089430"
2020-07-12,"delayable",96.72,,0.224652335411048,,,"4089430"
2020-07-13,"delayable",94.06,,0.222989511985778,,,"4089430"
2020-07-14,"delayable",94.17,,0.222475992986798,,,"4089430"
2020-07-15,"delayable",93.12,,0.222011380559149,,,"4089430"
2020-07-16,"delayable",93.58,,0.221228875417846,,,"4089430"
2020-07-17,"delayable",92.38,,0.220984342561188,,,"4089430"
2020-07-18,"delayable",91.76,,0.220446370276542,,,"4089430"
2020-07-19,"delayable",91.76,,0.219590505278242,,,"4089430"
2020-07-20,"delayable",91.14,,0.216827283998014,,,"4089430"
2020-07-21,"delayable",89.9,,0.215946965714048,,,"4089430"
2020-07-22,"delayable",89.65,,0.215555713143396,,,"4089430"
2020-07-23,"delayable",87.27,,0.215213367144076,,,"4089430"
2020-07-24,"delayable",88.67,,0.214919927716088,,,"4089430"
2020-07-25,"delayable",89.585,,0.214015156146456,,,"4089430"
2020-07-26,"delayable",89.585,,0.212963664862829,,,"4089430"
2020-07-27,"delayable",90.5,,0.211056308580902,,,"4089430"
2020-07-28,"delayable",92.33,,0.210542789581922,,,"4089430"
2020-07-29,"delayable",92.43,,0.209907004154613,,,"4089430"
2020-07-30,"delayable",94.98,,0.209417938441299,,,"4089430"
2020-07-31,"delayable",95.52,103.3,0.208024101158352,,,"4089430"
2020-08-01,"delayable",96.85,,0.160829259823496,,,"4089430"
2020-08-02,"delayable",96.85,,0.160780353252165,,,"4089430"
2020-08-03,"delayable",98.18,,0.159973394825196,,,"4089430"
2020-08-04,"delayable",99.79,,0.159631048825875,,,"4089430"
2020-08-05,"delayable",99.2,,0.159386515969218,,,"4089430"
2020-08-06,"delayable",98.98,,0.15926424954089,,,"4089430"
2020-08-07,"delayable",99.36,,0.159166436398227,,,"4089430"
2020-08-08,"delayable",97.67,,0.158824090398906,,,"4089430"
2020-08-09,"delayable",97.67,,0.157821505686612,,,"4089430"
2020-08-10,"delayable",95.98,,0.157356893258963,,,"4089430"
2020-08-11,"delayable",94.72,,0.157136813687971,,,"4089430"
2020-08-12,"delayable",94.28,,0.157039000545308,,,"4089430"
2020-08-13,"delayable",92.83,,0.15691673411698,,,"4089430"
2020-08-14,"delayable",92.17,,0.156818920974317,,,"4089430"
2020-08-15,"delayable",93.64,,0.156403215117999,,,"4089430"
2020-08-16,"delayable",93.64,,0.155620709976696,,,"4089430"
2020-08-17,"delayable",95.11,,0.154764844978396,,,"4089430"
2020-08-18,"delayable",95.84,,0.15456921869307,,,"4089430"
2020-08-19,"delayable",97.27,,0.154446952264741,,,"4089430"
2020-08-20,"delayable",98.11,,0.154275779265081,,,"4089430"
2020-08-21,"delayable",97.82,,0.154006793122758,,,"4089430"
2020-08-22,"delayable",98.64,,0.153542180695109,,,"4089430"
2020-08-23,"delayable",98.64,,0.152637409125477,,,"4089430"
2020-08-24,"delayable",99.46,,0.1520505302695,,,"4089430"
2020-08-25,"delayable",100.53,,0.151830450698508,,,"4089430"
2020-08-26,"delayable",99.19,,0.151585917841851,,,"4089430"
2020-08-27,"delayable",102.63,,0.151439198127856,,,"4089430"
2020-08-28,"delayable",104.6,,0.151243571842531,,,"4089430"
2020-08-29,"delayable",106.77,,0.149140589275278,,,"4089430"
2020-08-30,"delayable",106.77,,0.14838253741964,,,"4089430"
2020-08-31,"delayable",106.77,103.3,0.146450727852048,,,"4089430"
2020-09-01,"delayable",108.94,,0.114930442628924,,,"4089430"
2020-09-02,"delayable",113.85,,0.114930442628924,,,"4089430"
2020-09-03,"delayable",112.13,,0.114857082771927,,,"4089430"
2020-09-04,"delayable",110.2,,0.114783722914929,,,"4089430"
2020-09-05,"delayable",106.495,,0.114637003200935,,,"4089430"
2020-09-06,"delayable",106.495,,0.114074577630623,,,"4089430"
2020-09-07,"delayable",102.79,,0.113243165917989,,,"4089430"
2020-09-08,"delayable",105.37,,0.113023086346997,,,"4089430"
2020-09-09,"delayable",100.41,,0.112925273204334,,,"4089430"
2020-09-10,"delayable",97.71,,0.112803006776005,,,"4089430"
2020-09-11,"delayable",96.83,,0.112729646919008,,,"4089430"
2020-09-12,"delayable",99.3,,0.112558473919348,,,"4089430"
2020-09-13,"delayable",99.3,,0.112362847634022,,,"4089430"
2020-09-14,"delayable",101.77,,0.111751515492379,,,"4089430"
2020-09-15,"delayable",95.06,,0.111580342492719,,,"4089430"
2020-09-16,"delayable",94.33,,0.111433622778725,,,"4089430"
2020-09-17,"delayable",95.31,,0.111335809636062,,,"4089430"
2020-09-18,"delayable",94.03,,0.11128690306473,,,"4089430"
2020-09-19,"delayable",95.645,,0.110993463636742,,,"4089430"
2020-09-20,"delayable",95.645,,0.11043103806643,,,"4089430"
2020-09-21,"delayable",97.26,,0.11025986506677,,,"4089430"
2020-09-22,"delayable",95.89,,0.110137598638441,,,"4089430"
2020-09-23,"delayable",96.99,,0.110039785495778,,,"4089430"
2020-09-24,"delayable",96.25,,0.109917519067449,,,"4089430"
2020-09-25,"delayable",97.89,,0.109795252639121,,,"4089430"
2020-09-26,"delayable",97.975,,0.108890481069489,,,"4089430"
2020-09-27,"delayable",97.975,,0.108450321927506,,,"4089430"
2020-09-28,"delayable",98.06,,0.107961256214191,,,"4089430"
2020-09-29,"delayable",98.34,,0.107618910214871,,,"4089430"
2020-09-30,"delayable",98.62,103.4,0.107423283929545,3927821,1.3,"4089430"
2020-10-01,"delayable",100.82,,0.093118111815094,,,"4089430"
2020-10-02,"delayable",101.67,,0.093118111815094,,,"4089430"
2020-10-03,"delayable",103.59,,0.0930447519580968,,,"4089430"
2020-10-04,"delayable",103.59,,0.092849125672771,,,"4089430"
2020-10-05,"delayable",105.51,,0.0925556862447823,,,"4089430"
2020-10-06,"delayable",106.66,,0.0923600599594565,,,"4089430"
2020-10-07,"delayable",106.91,,0.092311153388125,,,"4089430"
2020-10-08,"delayable",106.25,,0.0922622468167935,,,"4089430"
2020-10-09,"delayable",105.32,,0.0922133402454621,,,"4089430"
2020-10-10,"delayable",104.395,,0.0921399803884649,,,"4089430"
2020-10-11,"delayable",104.395,,0.0920177139601362,,,"4089430"
2020-10-12,"delayable",103.47,,0.0919443541031391,,,"4089430"
2020-10-13,"delayable",103.08,,0.0918709942461419,,,"4089430"
2020-10-14,"delayable",101.68,,0.0918465409604762,,,"4089430"
2020-10-15,"delayable",101.72,,0.0917487278178132,,,"4089430"
2020-10-16,"delayable",101.77,,0.0916753679608161,,,"4089430"
2020-10-17,"delayable",101.08,,0.0915775548181531,,,"4089430"
2020-10-18,"delayable",101.08,,0.091406381818493,,,"4089430"
2020-10-19,"delayable",100.39,,0.0913085686758301,,,"4089430"
2020-10-20,"delayable",100.48,,0.0909662226765099,,,"4089430"
2020-10-21,"delayable",100.02,,0.0908439562481813,,,"4089430"
2020-10-22,"delayable",99.1,,0.0907705963911841,,,"4089430"
2020-10-23,"delayable",100.18,,0.0907705963911841,,,"4089430"
2020-10-24,"delayable",99.995,,0.0909662226765099,,,"4089430"
2020-10-25,"delayable",99.995,,0.0907950496768498,,,"4089430"
2020-10-26,"delayable",99.81,,0.0905016102488611,,,"4089430"
2020-10-27,"delayable",101.78,,0.0904037971061982,,,"4089430"
2020-10-28,"delayable",104.14,,0.0903059839635353,,,"4089430"
2020-10-29,"delayable",105.99,,0.0899880912498808,,,"4089430"
2020-10-30,"delayable",106.22,,0.0898169182502207,,,"4089430"
2020-10-31,"delayable",110.175,104.5,0.0871515101126563,,,"4089430"
2020-11-01,"delayable",110.175,,0.147746751992331,,,"4089430"
2020-11-02,"delayable",114.13,,0.148480350562303,,,"4089430"
2020-11-03,"delayable",118.7,,0.148651523561963,,,"4089430"
2020-11-04,"delayable",123.63,,0.149238402417941,,,"4089430"
2020-11-05,"delayable",128.64,,0.183106203064975,,,"4089430"
2020-11-06,"delayable",122.85,,0.185258092203559,,,"4089430"
2020-11-07,"delayable",109.31,,0.1867986492005,,,"4089430"
2020-11-08,"delayable",109.31,,0.190515548621691,,,"4089430"
2020-11-09,"delayable",95.77,,0.191933839190303,,,"4089430"
2020-11-10,"delayable",85.18,,0.19183602604764,,,"4089430"
2020-11-11,"delayable",76.07,,0.19217837204696,,,"4089430"
2020-11-12,"delayable",66.52,,0.192398451617952,,,"4089430"
2020-11-13,"delayable",68.28,,0.192447358189283,,,"4089430"
2020-11-14,"delayable",70.68,,0.19234954504662,,,"4089430"
2020-11-15,"delayable",70.68,,0.193058690330926,,,"4089430"
2020-11-16,"delayable",73.08,,0.192202825332626,,,"4089430"
2020-11-17,"delayable",74.88,,0.1920071990473,,,"4089430"
2020-11-18,"delayable",76.17,,0.191982745761634,,,"4089430"
2020-11-19,"delayable",77.08,,0.192031652332966,,,"4089430"
2020-11-20,"delayable",78.53,,0.192056105618631,,,"4089430"
2020-11-21,"delayable",81.245,,0.19234954504662,,,"4089430"
2020-11-22,"delayable",81.245,,0.192129465475629,,,"4089430"
2020-11-23,"delayable",83.96,,0.191591493190983,,,"4089430"
2020-11-24,"delayable",86.62,,0.191273600477328,,,"4089430"
2020-11-25,"delayable",87.87,,0.190980161049339,,,"4089430"
2020-11-26,"delayable",89.97,,0.190515548621691,,,"4089430"
2020-11-27,"delayable",92.73,,0.190735628192682,,,"4089430"
2020-11-28,"delayable",99.5,,0.188877178482087,,,"4089430"
2020-11-29,"delayable",99.5,,0.186016144059197,,,"4089430"
2020-11-30,"delayable",106.27,98.6,0.180807594212396,,,"4089430"
2020-12-01,"delayable",111.2,,0.163323494961401,,,"4089430"
2020-12-02,"delayable",111.56,,0.163127868676075,,,"4089430"
2020-12-03,"delayable",121.96,,0.161905204392788,,,"4089430"
2020-12-04,"delayable",126.83,,0.161685124821797,,,"4089430"
2020-12-05,"delayable",135.245,,0.161440591965139,,,"4089430"
2020-12-06,"delayable",135.245,,0.160927072966159,,,"4089430"
2020-12-07,"delayable",143.66,,0.16029128753885,,,"4089430"
2020-12-08,"delayable",147.42,,0.15994894153953,,,"4089430"
2020-12-09,"delayable",155.01,,0.159679955397207,,,"4089430"
2020-12-10,"delayable",150.7,,0.159582142254544,,,"4089430"
2020-12-11,"delayable",151.04,,0.159337609397887,,,"4089430"
2020-12-12,"delayable",149.555,,0.159239796255224,,,"4089430"
2020-12-13,"delayable",149.555,,0.158970810112901,,,"4089430"
2020-12-14,"delayable",148.07,,0.158995263398567,,,"4089430"
2020-12-15,"delayable",148.4,,0.158921903541569,,,"4089430"
2020-12-16,"delayable",148.8,,0.158921903541569,,,"4089430"
2020-12-17,"delayable",149.12,,0.159166436398227,,,"4089430"
2020-12-18,"delayable",149.38,,0.159239796255224,,,"4089430"
2020-12-19,"delayable",147.265,,0.159802221825536,,,"4089430"
2020-12-20,"delayable",147.265,,0.16447279938769,,,"4089430"
2020-12-21,"delayable",145.15,,0.168605404665198,,,"4089430"
2020-12-22,"delayable",143.55,,0.169461269663498,,,"4089430"
2020-12-23,"delayable",140.47,,0.17036604123313,,,"4089430"
2020-12-24,"delayable",137.48,,0.171026279946105,,,"4089430"
2020-12-25,"delayable",106.425,,0.173447155227012,,,"4089430"
2020-12-26,"delayable",106.425,,0.174596459653301,,,"4089430"
2020-12-27,"delayable",106.425,,0.176332642935568,,,"4089430"
2020-12-28,"delayable",106.425,,0.176430456078231,,,"4089430"
2020-12-29,"delayable",75.37,,0.175892483793585,,,"4089430"
2020-12-30,"delayable",69.56,,0.175794670650922,,,"4089430"
2020-12-31,"delayable",64.6,100.8,0.174694272795964,3788373,1.5,"4089430"
2021-01-01,"delayable",61.59,,0.239984545523459,,,"4089430"
2021-01-02,"delayable",61.59,,0.240253531665782,,,"4089430"
2021-01-03,"delayable",61.59,,0.241378382806406,,,"4089430"
2021-01-04,"delayable",58.58,,0.242356514233035,,,"4089430"
2021-01-05,"delayable",60.91,,0.24421496394363,,,"4089430"
2021-01-06,"delayable",57.2,,0.245462081512582,,,"4089430"
2021-01-07,"delayable",53.31,,0.245779974226237,,,"4089430"
2021-01-08,"delayable",52.96,,0.245902240654566,,,"4089430"
2021-01-09,"delayable",53.35,,0.246024507082894,,,"4089430"
2021-01-10,"delayable",53.35,,0.24639130636788,,,"4089430"
2021-01-11,"delayable",53.74,,0.247051545080855,,,"4089430"
2021-01-12,"delayable",53.04,,0.247075998366521,,,"4089430"
2021-01-13,"delayable",51.7,,0.247173811509183,,,"4089430"
2021-01-14,"delayable",50.86,,0.247320531223178,,,"4089430"
2021-01-15,"delayable",50.99,,0.247491704222838,,,"4089430"
2021-01-16,"delayable",51.145,,0.247222718080515,,,"4089430"
2021-01-17,"delayable",51.145,,0.247760690365161,,,"4089430"
2021-01-18,"delayable",51.3,,0.248078583078815,,,"4089430"
2021-01-19,"delayable",51.02,,0.248127489650147,,,"4089430"
2021-01-20,"delayable",50.99,,0.248249756078475,,,"4089430"
2021-01-21,"delayable",50.42,,0.248103036364481,,,"4089430"
2021-01-22,"delayable",50.83,,0.248176396221478,,,"4089430"
2021-01-23,"delayable",51.035,,0.247858503507824,,,"4089430"
2021-01-24,"delayable",51.035,,0.247809596936492,,,"4089430"
2021-01-25,"delayable",51.24,,0.248029676507484,,,"4089430"
2021-01-26,"delayable",51.54,,0.247736237079495,,,"4089430"
2021-01-27,"delayable",52.6,,0.247638423936832,,,"4089430"
2021-01-28,"delayable",54.12,,0.247467250937172,,,"4089430"
2021-01-29,"delayable",54.73,,0.246611385938872,,,"4089430"
2021-01-30,"delayable",56.305,,0.243554725230656,,,"4089430"
2021-01-31,"delayable",56.305,91.7,0.240889317093091,,,"4089430"
2021-02-01,"delayable",57.88,,0.232673013109406,,,"4089430"
2021-02-02,"delayable",59.01,,0.232697466395072,,,"4089430"
2021-02-03,"delayable",59.12,,0.232721919680738,,,"4089430"
2021-02-04,"delayable",59.55,,0.232697466395072,,,"4089430"
2021-02-05,"delayable",59.83,,0.232673013109406,,,"4089430"
2021-02-06,"delayable",59.745,,0.232673013109406,,,"4089430"
2021-02-07,"delayable",59.745,,0.232697466395072,,,"4089430"
2021-02-08,"delayable",59.66,,0.232746372966404,,,"4089430"
2021-02-09,"delayable",59.78,,0.232673013109406,,,"4089430"
2021-02-10,"delayable",58.76,,0.232648559823741,,,"4089430"
2021-02-11,"delayable",58.21,,0.232599653252409,,,"4089430"
2021-02-12,"delayable",58.7,,0.232526293395412,,,"4089430"
2021-02-13,"delayable",58.785,,0.232232853967423,,,"4089430"
2021-02-14,"delayable",58.785,,0.232208400681758,,,"4089430"
2021-02-15,"delayable",58.87,,0.231694881682777,,,"4089430"
2021-02-16,"delayable",58.64,,0.231499255397451,,,"4089430"
2021-02-17,"delayable",59.62,,0.231425895540454,,,"4089430"
2021-02-18,"delayable",59.74,,0.231376988969123,,,"4089430"
2021-02-19,"delayable",59.01,,0.231254722540794,,,"4089430"
2021-02-20,"delayable",58.21,,0.230985736398471,,,"4089430"
2021-02-21,"delayable",58.21,,0.23076565682748,,,"4089430"
2021-02-22,"delayable",57.41,,0.230105418114505,,,"4089430"
2021-02-23,"delayable",56.56,,0.229934245114845,,,"4089430"
2021-02-24,"delayable",56.23,,0.229811978686516,,,"4089430"
2021-02-25,"delayable",56.11,,0.22961635240119,,,"4089430"
2021-02-26,"delayable",57.15,,0.22927400640187,,,"4089430"
2021-02-27,"delayable",59.545,,0.22658414497864,,,"4089430"
2021-02-28,"delayable",59.545,,0.224603428839716,,,"4089430"
2021-03-01,"delayable",61.94,,,,,"4089430"
2021-03-02,"delayable",64.11,,,,,"4089430"
2021-03-03,"delayable",65.44,,,,,"4089430"
2021-03-04,"delayable",66.3,,,,,"4089430"
2021-03-05,"delayable",66.37,,,,,"4089430"
2021-03-06,"delayable",65.08,,,,,"4089430"
2021-03-07,"delayable",65.08,,,,,"4089430"
2021-03-08,"delayable",63.79,,,,,"4089430"
2021-03-09,"delayable",63.09,,,,,"4089430"
2021-03-10,"delayable",62.74,,,,,"4089430"
2021-03-11,"delayable",63.1,,,,,"4089430"
2021-03-12,"delayable",62.61,,,,,"4089430"
2021-03-13,"delayable",62.375,,,,,"4089430"
2021-03-14,"delayable",62.375,,,,,"4089430"
2021-03-15,"delayable",62.14,,,,,"4089430"
2021-03-16,"delayable",62.2,,,,,"4089430"
2021-03-17,"delayable",61.48,,,,,"4089430"
2021-03-18,"delayable",60.64,,,,,"4089430"
2021-03-19,"delayable",59.98,,,,,"4089430"
2021-03-20,"delayable",59.555,,,,,"4089430"
2021-03-21,"delayable",59.555,,,,,"4089430"
2021-03-22,"delayable",59.13,,,,,"4089430"
2021-03-23,"delayable",58.62,,,,,"4089430"
2021-03-24,"delayable",56.83,,,,,"4089430"
2021-03-25,"delayable",59.45,,,,,"4089430"
2021-03-26,"delayable",60.55,,,,,"4089430"
2021-03-27,"delayable",62.625,,,,,"4089430"
2021-03-28,"delayable",62.625,,,,,"4089430"
2021-03-29,"delayable",64.7,,,,,"4089430"
2021-03-30,"delayable",65.96,,,,,"4089430"
2021-03-31,"delayable",68.87,,,,,"4089430"
2020-03-04,"social",98.97,,,,,"1744973"
2020-03-05,"social",98.65,,,,,"1744973"
2020-03-06,"social",98.77,,,,,"1744973"
2020-03-07,"social",97.185,,,,,"1744973"
2020-03-08,"social",97.185,,,,,"1744973"
2020-03-09,"social",95.6,,,,,"1744973"
2020-03-10,"social",94.49,,,,,"1744973"
2020-03-11,"social",94.43,,,,,"1744973"
2020-03-12,"social",93.94,,,,,"1744973"
2020-03-13,"social",91.01,,,,,"1744973"
2020-03-14,"social",85.885,,,,,"1744973"
2020-03-15,"social",85.885,,,,,"1744973"
2020-03-16,"social",80.76,,,,,"1744973"
2020-03-17,"social",76.5,,,,,"1744973"
2020-03-18,"social",72.38,,,,,"1744973"
2020-03-19,"social",66.14,,,,,"1744973"
2020-03-20,"social",61.07,,,,,"1744973"
2020-03-21,"social",50.2,,,,,"1744973"
2020-03-22,"social",50.2,,,,,"1744973"
2020-03-23,"social",39.33,,0.698807374096906,,,"1744973"
2020-03-24,"social",36.41,,0.821789219661278,,,"1744973"
2020-03-25,"social",30.94,,0.839153385181318,,,"1744973"
2020-03-26,"social",28.17,,0.848494503926422,,,"1744973"
2020-03-27,"social",25.58,,0.862362913351668,,,"1744973"
2020-03-28,"social",21.42,,0.868724043294653,,,"1744973"
2020-03-29,"social",21.42,,0.873595178836578,,,"1744973"
2020-03-30,"social",17.26,,0.888208585462354,,,"1744973"
2020-03-31,"social",19.02,70.3,0.882363222812043,1799960.87417805,3.7,"1744973"
2020-04-01,"social",19.23,,0.932220727770573,,,"1744973"
2020-04-02,"social",19.51,,0.932679187586284,,,"1744973"
2020-04-03,"social",19.77,,0.936404173588932,,,"1744973"
2020-04-04,"social",21.725,,0.936919940881607,,,"1744973"
2020-04-05,"social",21.725,,0.937206478266426,,,"1744973"
2020-04-06,"social",23.68,,0.943624915686375,,,"1744973"
2020-04-07,"social",21.16,,0.943739530640302,,,"1744973"
2020-04-08,"social",20.53,,0.943796838117266,,,"1744973"
2020-04-09,"social",20.61,,0.94385414559423,,,"1744973"
2020-04-10,"social",20.3,,0.944083375502085,,,"1744973"
2020-04-11,"social",20.3,,0.943796838117266,,,"1744973"
2020-04-12,"social",20.3,,0.943624915686375,,,"1744973"
2020-04-13,"social",20.3,,0.941619153992641,,,"1744973"
2020-04-14,"social",19.99,,0.941504539038713,,,"1744973"
2020-04-15,"social",20.58,,0.941275309130858,,,"1744973"
2020-04-16,"social",20.58,,0.941619153992641,,,"1744973"
2020-04-17,"social",20.3,,0.941504539038713,,,"1744973"
2020-04-18,"social",21.09,,0.939326854914088,,,"1744973"
2020-04-19,"social",21.09,,0.937493015651245,,,"1744973"
2020-04-20,"social",21.88,,0.937091863312498,,,"1744973"
2020-04-21,"social",20.86,,0.936748018450715,,,"1744973"
2020-04-22,"social",20.92,,0.936576096019824,,,"1744973"
2020-04-23,"social",21.42,,0.936461481065896,,,"1744973"
2020-04-24,"social",21.64,,0.937206478266426,,,"1744973"
2020-04-25,"social",22.22,,0.935200716572692,,,"1744973"
2020-04-26,"social",22.22,,0.934914179187873,,,"1744973"
2020-04-27,"social",22.8,,0.935544561434475,,,"1744973"
2020-04-28,"social",23.09,,0.935372639003583,,,"1744973"
2020-04-29,"social",23.62,,0.934914179187873,,,"1744973"
2020-04-30,"social",23.7,9.7,0.934283796941271,,,"1744973"
2020-05-01,"social",24.42,,0.934856871710909,,,"1744973"
2020-05-02,"social",24.935,,0.930730733369514,,,"1744973"
2020-05-03,"social",24.935,,0.933252262355922,,,"1744973"
2020-05-04,"social",25.45,,0.936003021250186,,,"1744973"
2020-05-05,"social",25.75,,0.935831098819294,,,"1744973"
2020-05-06,"social",25.59,,0.934856871710909,,,"1744973"
2020-05-07,"social",25.77,,0.934684949280018,,,"1744973"
2020-05-08,"social",26.295,,0.936060328727149,,,"1744973"
2020-05-09,"social",26.295,,0.934283796941271,,,"1744973"
2020-05-10,"social",26.295,,0.933596107217705,,,"1744973"
2020-05-11,"social",26.82,,0.933997259556452,,,"1744973"
2020-05-12,"social",27.07,,0.932048805339681,,,"1744973"
2020-05-13,"social",27.54,,0.931533038047007,,,"1744973"
2020-05-14,"social",27.71,,0.932048805339681,,,"1744973"
2020-05-15,"social",27.47,,0.932278035247537,,,"1744973"
2020-05-16,"social",28.695,,0.930043043645947,,,"1744973"
2020-05-17,"social",28.695,,0.929068816537562,,,"1744973"
2020-05-18,"social",29.92,,0.927406899705612,,,"1744973"
2020-05-19,"social",30.08,,0.927349592228648,,,"1744973"
2020-05-20,"social",30.02,,0.926146135212407,,,"1744973"
2020-05-21,"social",30.34,,0.925630367919733,,,"1744973"
2020-05-22,"social",30.97,,0.924598833334384,,,"1744973"
2020-05-23,"social",32.3,,0.920816539854771,,,"1744973"
2020-05-24,"social",32.3,,0.919670390315495,,,"1744973"
2020-05-25,"social",32.3,,0.919842312746386,,,"1744973"
2020-05-26,"social",33.63,,0.918638855730146,,,"1744973"
2020-05-27,"social",35,,0.91795116600658,,,"1744973"
2020-05-28,"social",35.43,,0.916461171605521,,,"1744973"
2020-05-29,"social",35.77,,0.915830789358918,,,"1744973"
2020-05-30,"social",37.145,,0.909469659415934,,,"1744973"
2020-05-31,"social",37.145,11.1,0.901790457502781,,,"1744973"
2020-06-01,"social",38.52,,0.892506646234641,,,"1744973"
2020-06-02,"social",37.14,,0.891990878941966,,,"1744973"
2020-06-03,"social",37.17,,0.890902036879654,,,"1744973"
2020-06-04,"social",38.17,,0.890787421925726,,,"1744973"
2020-06-05,"social",38.79,,0.891761649034111,,,"1744973"
2020-06-06,"social",39.935,,0.88964127238645,,,"1744973"
2020-06-07,"social",39.935,,0.889412042478594,,,"1744973"
2020-06-08,"social",41.08,,0.885343211614163,,,"1744973"
2020-06-09,"social",41.07,,0.884827444321488,,,"1744973"
2020-06-10,"social",41.11,,0.884655521890597,,,"1744973"
2020-06-11,"social",41.38,,0.884426291982741,,,"1744973"
2020-06-12,"social",41.2,,0.884483599459705,,,"1744973"
2020-06-13,"social",41.34,,0.882936297581682,,,"1744973"
2020-06-14,"social",41.34,,0.88276437515079,,,"1744973"
2020-06-15,"social",41.48,,0.878638236809395,,,"1744973"
2020-06-16,"social",42.16,,0.878007854562793,,,"1744973"
2020-06-17,"social",42.87,,0.877148242408335,,,"1744973"
2020-06-18,"social",43.28,,0.874569405944963,,,"1744973"
2020-06-19,"social",43.82,,0.874340176037108,,,"1744973"
2020-06-20,"social",44.29,,0.873365948928723,,,"1744973"
2020-06-21,"social",44.29,,0.870500575080531,,,"1744973"
2020-06-22,"social",44.76,,0.844368365585026,,,"1744973"
2020-06-23,"social",44.76,,0.843394138476641,,,"1744973"
2020-06-24,"social",44.5,,0.841674914167726,,,"1744973"
2020-06-25,"social",41.51,,0.839497230043101,,,"1744973"
2020-06-26,"social",45.48,,0.836116088902235,,,"1744973"
2020-06-27,"social",46.955,,0.822419601907881,,,"1744973"
2020-06-28,"social",46.955,,0.815198859810438,,,"1744973"
2020-06-29,"social",48.43,,0.76161636884926,,,"1744973"
2020-06-30,"social",49.73,23,0.757432923030901,1668804.64679912,0.4,"1744973"
2020-07-01,"social",50.81,,0.746773732315629,,,"1744973"
2020-07-02,"social",52.36,,0.74694565474652,,,"1744973"
2020-07-03,"social",48.4,,0.745856812684208,,,"1744973"
2020-07-04,"social",49.065,,0.742762208928161,,,"1744973"
2020-07-05,"social",49.065,,0.741157599573174,,,"1744973"
2020-07-06,"social",49.73,,0.7379483808632,,,"1744973"
2020-07-07,"social",50.21,,0.736057234123393,,,"1744973"
2020-07-08,"social",50.74,,0.728148802302385,,,"1744973"
2020-07-09,"social",53.35,,0.727059960240072,,,"1744973"
2020-07-10,"social",54.16,,0.725168813500266,,,"1744973"
2020-07-11,"social",55.01,,0.721902287313328,,,"1744973"
2020-07-12,"social",55.01,,0.719724603188703,,,"1744973"
2020-07-13,"social",55.86,,0.706830420871842,,,"1744973"
2020-07-14,"social",55.9,,0.705283118993818,,,"1744973"
2020-07-15,"social",56.09,,0.703678509638831,,,"1744973"
2020-07-16,"social",55.88,,0.702646975053482,,,"1744973"
2020-07-17,"social",56.78,,0.70081313579064,,,"1744973"
2020-07-18,"social",56.115,,0.697202764741919,,,"1744973"
2020-07-19,"social",56.115,,0.691873169384283,,,"1744973"
2020-07-20,"social",55.45,,0.682875895500962,,,"1744973"
2020-07-21,"social",54.11,,0.680010521652771,,,"1744973"
2020-07-22,"social",51.82,,0.678405912297783,,,"1744973"
2020-07-23,"social",49.06,,0.676915917896724,,,"1744973"
2020-07-24,"social",50.68,,0.672789779555328,,,"1744973"
2020-07-25,"social",51.25,,0.66906479355268,,,"1744973"
2020-07-26,"social",51.25,,0.665569037457886,,,"1744973"
2020-07-27,"social",51.82,,0.64900717661534,,,"1744973"
2020-07-28,"social",52.96,,0.646027187813221,,,"1744973"
2020-07-29,"social",55.61,,0.642359509287536,,,"1744973"
2020-07-30,"social",59.18,,0.641385282179151,,,"1744973"
2020-07-31,"social",58.88,56.7,0.635310689620986,,,"1744973"
2020-08-01,"social",59.225,,0.499148124354933,,,"1744973"
2020-08-02,"social",59.225,,0.499148124354933,,,"1744973"
2020-08-03,"social",59.57,,0.494678141151754,,,"1744973"
2020-08-04,"social",59.99,,0.493360069181586,,,"1744973"
2020-08-05,"social",60.47,,0.493073531796767,,,"1744973"
2020-08-06,"social",60.61,,0.492844301888912,,,"1744973"
2020-08-07,"social",60.6,,0.492041997211418,,,"1744973"
2020-08-08,"social",60.065,,0.489864313086793,,,"1744973"
2020-08-09,"social",60.065,,0.488890085978408,,,"1744973"
2020-08-10,"social",59.53,,0.482758185943278,,,"1744973"
2020-08-11,"social",59.84,,0.48144011397311,,,"1744973"
2020-08-12,"social",60.02,,0.481153576588291,,,"1744973"
2020-08-13,"social",59.97,,0.480867039203472,,,"1744973"
2020-08-14,"social",60.21,,0.480293964433834,,,"1744973"
2020-08-15,"social",60.565,,0.479434352279376,,,"1744973"
2020-08-16,"social",60.565,,0.478689355078846,,,"1744973"
2020-08-17,"social",60.92,,0.470379770919092,,,"1744973"
2020-08-18,"social",61,,0.469233621379815,,,"1744973"
2020-08-19,"social",60.98,,0.468832469041068,,,"1744973"
2020-08-20,"social",61.7,,0.468087471840539,,,"1744973"
2020-08-21,"social",60.73,,0.466253632577696,,,"1744973"
2020-08-22,"social",61.885,,0.464763638176637,,,"1744973"
2020-08-23,"social",61.885,,0.463216336298613,,,"1744973"
2020-08-24,"social",63.04,,0.457657511033122,,,"1744973"
2020-08-25,"social",62.96,,0.456224824109026,,,"1744973"
2020-08-26,"social",60.61,,0.454906752138858,,,"1744973"
2020-08-27,"social",62.36,,0.454104447461365,,,"1744973"
2020-08-28,"social",64.11,,0.451525610997993,,,"1744973"
2020-08-29,"social",66.265,,0.445279096008935,,,"1744973"
2020-08-30,"social",66.265,,0.442184492252889,,,"1744973"
2020-08-31,"social",66.265,86.9,0.427399163196221,,,"1744973"
2020-09-01,"social",68.42,,0.373931287188971,,,"1744973"
2020-09-02,"social",71.18,,0.373873979712007,,,"1744973"
2020-09-03,"social",69.75,,0.373644749804152,,,"1744973"
2020-09-04,"social",69.44,,0.373071675034513,,,"1744973"
2020-09-05,"social",70.18,,0.372613215218803,,,"1744973"
2020-09-06,"social",70.18,,0.372212062880056,,,"1744973"
2020-09-07,"social",70.92,,0.371295143248635,,,"1744973"
2020-09-08,"social",66.33,,0.370263608663286,,,"1744973"
2020-09-09,"social",66.34,,0.370034378755431,,,"1744973"
2020-09-10,"social",65.94,,0.369747841370611,,,"1744973"
2020-09-11,"social",65.43,,0.369002844170082,,,"1744973"
2020-09-12,"social",65.27,,0.36837246192348,,,"1744973"
2020-09-13,"social",65.27,,0.367914002107769,,,"1744973"
2020-09-14,"social",65.11,,0.361438257210857,,,"1744973"
2020-09-15,"social",64.65,,0.360807874964254,,,"1744973"
2020-09-16,"social",64.58,,0.360865182441218,,,"1744973"
2020-09-17,"social",65.2,,0.360635952533363,,,"1744973"
2020-09-18,"social",62.84,,0.360177492717652,,,"1744973"
2020-09-19,"social",63.905,,0.359661725424978,,,"1744973"
2020-09-20,"social",63.905,,0.359317880563195,,,"1744973"
2020-09-21,"social",64.97,,0.359833647855869,,,"1744973"
2020-09-22,"social",64.49,,0.359432495517123,,,"1744973"
2020-09-23,"social",63.86,,0.359031343178376,,,"1744973"
2020-09-24,"social",62.62,,0.358687498316593,,,"1744973"
2020-09-25,"social",64.51,,0.358114423546955,,,"1744973"
2020-09-26,"social",63.51,,0.355936739422329,,,"1744973"
2020-09-27,"social",63.51,,0.354847897360016,,,"1744973"
2020-09-28,"social",62.51,,0.353128673051102,,,"1744973"
2020-09-29,"social",62.54,,0.350205991725946,,,"1744973"
2020-09-30,"social",62.71,77.2,0.349002534709706,1559885,1.5,"1744973"
2020-10-01,"social",63.25,,0.350034069295055,,,"1744973"
2020-10-02,"social",63.57,,0.350091376772019,,,"1744973"
2020-10-03,"social",63.92,,0.349976761818091,,,"1744973"
2020-10-04,"social",63.92,,0.349919454341127,,,"1744973"
2020-10-05,"social",64.27,,0.356509814191967,,,"1744973"
2020-10-06,"social",64.47,,0.356280584284112,,,"1744973"
2020-10-07,"social",64.2,,0.356223276807148,,,"1744973"
2020-10-08,"social",63.52,,0.356796351576787,,,"1744973"
2020-10-09,"social",59.74,,0.356681736622859,,,"1744973"
2020-10-10,"social",60.535,,0.357254811392497,,,"1744973"
2020-10-11,"social",60.535,,0.357197503915533,,,"1744973"
2020-10-12,"social",61.33,,0.356624429145895,,,"1744973"
2020-10-13,"social",60.82,,0.356337891761076,,,"1744973"
2020-10-14,"social",60.72,,0.356223276807148,,,"1744973"
2020-10-15,"social",60.46,,0.356165969330184,,,"1744973"
2020-10-16,"social",63.84,,0.355707509514474,,,"1744973"
2020-10-17,"social",62.005,,0.355707509514474,,,"1744973"
2020-10-18,"social",62.005,,0.35565020203751,,,"1744973"
2020-10-19,"social",60.17,,0.357312118869461,,,"1744973"
2020-10-20,"social",60.19,,0.35714019643857,,,"1744973"
2020-10-21,"social",60.16,,0.35685365905375,,,"1744973"
2020-10-22,"social",60.44,,0.35639519923804,,,"1744973"
2020-10-23,"social",60.48,,0.356108661853221,,,"1744973"
2020-10-24,"social",60.79,,0.355936739422329,,,"1744973"
2020-10-25,"social",60.79,,0.355306357175727,,,"1744973"
2020-10-26,"social",61.1,,0.357827886162135,,,"1744973"
2020-10-27,"social",61.65,,0.356624429145895,,,"1744973"
2020-10-28,"social",62.29,,0.356280584284112,,,"1744973"
2020-10-29,"social",62.7,,0.354962512313944,,,"1744973"
2020-10-30,"social",63.54,,0.353357902958957,,,"1744973"
2020-10-31,"social",64.775,66,0.344647166460455,,,"1744973"
2020-11-01,"social",64.775,,0.625511111060171,,,"1744973"
2020-11-02,"social",66.01,,0.637087221406864,,,"1744973"
2020-11-03,"social",66.32,,0.638347985900068,,,"1744973"
2020-11-04,"social",65.29,,0.6397233653472,,,"1744973"
2020-11-05,"social",64.97,,0.663334045856297,,,"1744973"
2020-11-06,"social",62.81,,0.66757479915162,,,"1744973"
2020-11-07,"social",58.33,,0.669351330937499,,,"1744973"
2020-11-08,"social",58.33,,0.67101324776945,,,"1744973"
2020-11-09,"social",53.85,,0.680182444083662,,,"1744973"
2020-11-10,"social",52.44,,0.680125136606698,,,"1744973"
2020-11-11,"social",51.3,,0.680182444083662,,,"1744973"
2020-11-12,"social",50.89,,0.680239751560626,,,"1744973"
2020-11-13,"social",51.56,,0.679723984267951,,,"1744973"
2020-11-14,"social",52.775,,0.67955206183706,,,"1744973"
2020-11-15,"social",52.775,,0.679322831929205,,,"1744973"
2020-11-16,"social",53.99,,0.678520527251711,,,"1744973"
2020-11-17,"social",53.49,,0.678405912297783,,,"1744973"
2020-11-18,"social",53.56,,0.67834860482082,,,"1744973"
2020-11-19,"social",52.23,,0.678291297343856,,,"1744973"
2020-11-20,"social",51.6,,0.677890145005109,,,"1744973"
2020-11-21,"social",51.8,,0.676686687988869,,,"1744973"
2020-11-22,"social",51.8,,0.675998998265303,,,"1744973"
2020-11-23,"social",52,,0.673649391709786,,,"1744973"
2020-11-24,"social",52.19,,0.673190931894075,,,"1744973"
2020-11-25,"social",52.38,,0.672503242170509,,,"1744973"
2020-11-26,"social",53.2,,0.67101324776945,,,"1744973"
2020-11-27,"social",53.85,,0.669465945891426,,,"1744973"
2020-11-28,"social",54.5,,0.662875586040586,,,"1744973"
2020-11-29,"social",54.5,,0.65559753646618,,,"1744973"
2020-11-30,"social",55.15,36.6,0.616800374561669,,,"1744973"
2020-12-01,"social",55.45,,0.657431375729023,,,"1744973"
2020-12-02,"social",56.38,,0.657316760775095,,,"1744973"
2020-12-03,"social",56.81,,0.656571763574565,,,"1744973"
2020-12-04,"social",57.62,,0.655540228989216,,,"1744973"
2020-12-05,"social",58.76,,0.655769458897072,,,"1744973"
2020-12-06,"social",58.76,,0.655081769173506,,,"1744973"
2020-12-07,"social",59.9,,0.651757935509604,,,"1744973"
2020-12-08,"social",60.41,,0.650669093447291,,,"1744973"
2020-12-09,"social",60.82,,0.650439863539436,,,"1744973"
2020-12-10,"social",61.22,,0.65021063363158,,,"1744973"
2020-12-11,"social",61.13,,0.649637558861942,,,"1744973"
2020-12-12,"social",61.345,,0.649121791569268,,,"1744973"
2020-12-13,"social",61.345,,0.648835254184449,,,"1744973"
2020-12-14,"social",61.56,,0.652732162617989,,,"1744973"
2020-12-15,"social",61.65,,0.65244562523317,,,"1744973"
2020-12-16,"social",61.82,,0.653534467295482,,,"1744973"
2020-12-17,"social",61.1,,0.653591774772446,,,"1744973"
2020-12-18,"social",60.75,,0.65364908224941,,,"1744973"
2020-12-19,"social",59.645,,0.655196384127434,,,"1744973"
2020-12-20,"social",59.645,,0.655540228989216,,,"1744973"
2020-12-21,"social",58.54,,0.657775220590806,,,"1744973"
2020-12-22,"social",57.63,,0.657488683205987,,,"1744973"
2020-12-23,"social",56.81,,0.65754599068295,,,"1744973"
2020-12-24,"social",56.38,,0.657431375729023,,,"1744973"
2020-12-25,"social",47.98,,0.657431375729023,,,"1744973"
2020-12-26,"social",47.98,,0.655826766374036,,,"1744973"
2020-12-27,"social",47.98,,0.654737924311723,,,"1744973"
2020-12-28,"social",47.98,,0.652101780371387,,,"1744973"
2020-12-29,"social",39.58,,0.647402567260353,,,"1744973"
2020-12-30,"social",39.5,,0.644823730796981,,,"1744973"
2020-12-31,"social",39.33,45.8,0.639379520485417,1471762,1.2,"1744973"
2021-01-01,"social",41.56,,0.709409257335214,,,"1744973"
2021-01-02,"social",41.56,,0.710039639581816,,,"1744973"
2021-01-03,"social",41.56,,0.709925024627888,,,"1744973"
2021-01-04,"social",43.79,,0.731644558397179,,,"1744973"
2021-01-05,"social",47.71,,0.732332248120745,,,"1744973"
2021-01-06,"social",46.28,,0.732848015413419,,,"1744973"
2021-01-07,"social",45.04,,0.733134552798238,,,"1744973"
2021-01-08,"social",44.07,,0.733478397660021,,,"1744973"
2021-01-09,"social",44.315,,0.733478397660021,,,"1744973"
2021-01-10,"social",44.315,,0.733421090183057,,,"1744973"
2021-01-11,"social",44.56,,0.733363782706093,,,"1744973"
2021-01-12,"social",44.26,,0.73330647522913,,,"1744973"
2021-01-13,"social",44.23,,0.733363782706093,,,"1744973"
2021-01-14,"social",44.3,,0.73330647522913,,,"1744973"
2021-01-15,"social",44.91,,0.733134552798238,,,"1744973"
2021-01-16,"social",45.15,,0.733191860275202,,,"1744973"
2021-01-17,"social",45.15,,0.732733400459491,,,"1744973"
2021-01-18,"social",45.39,,0.734166087383587,,,"1744973"
2021-01-19,"social",45.1,,0.734223394860551,,,"1744973"
2021-01-20,"social",45.1,,0.734051472429659,,,"1744973"
2021-01-21,"social",45.08,,0.733478397660021,,,"1744973"
2021-01-22,"social",45.41,,0.733249167752166,,,"1744973"
2021-01-23,"social",45.925,,0.735197621968936,,,"1744973"
2021-01-24,"social",45.925,,0.734567239722334,,,"1744973"
2021-01-25,"social",46.44,,0.729638796703445,,,"1744973"
2021-01-26,"social",47.18,,0.728378032210241,,,"1744973"
2021-01-27,"social",47.81,,0.727633035009711,,,"1744973"
2021-01-28,"social",48.59,,0.726945345286145,,,"1744973"
2021-01-29,"social",48.8,,0.722303439652075,,,"1744973"
2021-01-30,"social",50.69,,0.713420780722682,,,"1744973"
2021-01-31,"social",50.69,33,0.70740349564148,,,"1744973"
2021-02-01,"social",52.58,,0.677546300143326,,,"1744973"
2021-02-02,"social",56.21,,0.677660915097254,,,"1744973"
2021-02-03,"social",56.43,,0.677660915097254,,,"1744973"
2021-02-04,"social",56.85,,0.677660915097254,,,"1744973"
2021-02-05,"social",57.71,,0.678004759959037,,,"1744973"
2021-02-06,"social",57.56,,0.677947452482073,,,"1744973"
2021-02-07,"social",57.56,,0.67760360762029,,,"1744973"
2021-02-08,"social",57.41,,0.67491015620299,,,"1744973"
2021-02-09,"social",55.12,,0.674852848726026,,,"1744973"
2021-02-10,"social",55.35,,0.674852848726026,,,"1744973"
2021-02-11,"social",54.97,,0.674795541249062,,,"1744973"
2021-02-12,"social",54.88,,0.674566311341207,,,"1744973"
2021-02-13,"social",55.465,,0.674509003864243,,,"1744973"
2021-02-14,"social",55.465,,0.674451696387279,,,"1744973"
2021-02-15,"social",56.05,,0.672560549647473,,,"1744973"
2021-02-16,"social",57.37,,0.672560549647473,,,"1744973"
2021-02-17,"social",57.08,,0.67221670478569,,,"1744973"
2021-02-18,"social",57.05,,0.671815552446943,,,"1744973"
2021-02-19,"social",57.34,,0.67147170758516,,,"1744973"
2021-02-20,"social",58.17,,0.670955940292486,,,"1744973"
2021-02-21,"social",58.17,,0.670325558045884,,,"1744973"
2021-02-22,"social",59,,0.670440172999812,,,"1744973"
2021-02-23,"social",57.87,,0.669351330937499,,,"1744973"
2021-02-24,"social",58.72,,0.668549026260005,,,"1744973"
2021-02-25,"social",59.38,,0.667804029059475,,,"1744973"
2021-02-26,"social",59.9,,0.665912882319669,,,"1744973"
2021-02-27,"social",61.505,,0.659666367330612,,,"1744973"
2021-02-28,"social",61.505,,0.656514456097602,,,"1744973"
2021-03-01,"social",63.11,,,,,"1744973"
2021-03-02,"social",64.1,,,,,"1744973"
2021-03-03,"social",64.45,,,,,"1744973"
2021-03-04,"social",64.63,,,,,"1744973"
2021-03-05,"social",64.96,,,,,"1744973"
2021-03-06,"social",64.645,,,,,"1744973"
2021-03-07,"social",64.645,,,,,"1744973"
2021-03-08,"social",64.33,,,,,"1744973"
2021-03-09,"social",64.03,,,,,"1744973"
2021-03-10,"social",63.85,,,,,"1744973"
2021-03-11,"social",63.46,,,,,"1744973"
2021-03-12,"social",62.76,,,,,"1744973"
2021-03-13,"social",63.335,,,,,"1744973"
2021-03-14,"social",63.335,,,,,"1744973"
2021-03-15,"social",63.91,,,,,"1744973"
2021-03-16,"social",64.88,,,,,"1744973"
2021-03-17,"social",66.41,,,,,"1744973"
2021-03-18,"social",67.15,,,,,"1744973"
2021-03-19,"social",68.2,,,,,"1744973"
2021-03-20,"social",68.305,,,,,"1744973"
2021-03-21,"social",68.305,,,,,"1744973"
2021-03-22,"social",68.41,,,,,"1744973"
2021-03-23,"social",67.47,,,,,"1744973"
2021-03-24,"social",61.42,,,,,"1744973"
2021-03-25,"social",65.62,,,,,"1744973"
2021-03-26,"social",65.34,,,,,"1744973"
2021-03-27,"social",66.295,,,,,"1744973"
2021-03-28,"social",66.295,,,,,"1744973"
2021-03-29,"social",67.25,,,,,"1744973"
2021-03-30,"social",67.6,,,,,"1744973"
2021-03-31,"social",73.38,,,,,"1744973"
2020-03-04,"staple",109.51,,,,,"4514551"
2020-03-05,"staple",111.02,,,,,"4514551"
2020-03-06,"staple",111.18,,,,,"4514551"
2020-03-07,"staple",109.735,,,,,"4514551"
2020-03-08,"staple",109.735,,,,,"4514551"
2020-03-09,"staple",108.29,,,,,"4514551"
2020-03-10,"staple",108.85,,,,,"4514551"
2020-03-11,"staple",107.79,,,,,"4514551"
2020-03-12,"staple",108.04,,,,,"4514551"
2020-03-13,"staple",109.61,,,,,"4514551"
2020-03-14,"staple",112.665,,,,,"4514551"
2020-03-15,"staple",112.665,,,,,"4514551"
2020-03-16,"staple",115.72,,,,,"4514551"
2020-03-17,"staple",119.41,,,,,"4514551"
2020-03-18,"staple",123.52,,,,,"4514551"
2020-03-19,"staple",127.38,,,,,"4514551"
2020-03-20,"staple",129.11,,,,,"4514551"
2020-03-21,"staple",124.015,,,,,"4514551"
2020-03-22,"staple",124.015,,,,,"4514551"
2020-03-23,"staple",118.92,,0.0418424778012254,,,"4514551"
2020-03-24,"staple",113.7,,0.0467820609402796,,,"4514551"
2020-03-25,"staple",106.52,,0.0496837891520109,,,"4514551"
2020-03-26,"staple",100.3,,0.0511457285563946,,,"4514551"
2020-03-27,"staple",94.11,,0.0536930472155481,,,"4514551"
2020-03-28,"staple",90.655,,0.0543132639325594,,,"4514551"
2020-03-29,"staple",90.655,,0.0545790710969928,,,"4514551"
2020-03-30,"staple",87.2,,0.0571485403531824,,,"4514551"
2020-03-31,"staple",86.74,92.9,0.0572149921442908,4518926.10801365,3.3,"4514551"
2020-04-01,"staple",89.54,,0.0798972035092748,,,"4514551"
2020-04-02,"staple",91.84,,0.0800079564944554,,,"4514551"
2020-04-03,"staple",93.14,,0.0802516130618527,,,"4514551"
2020-04-04,"staple",93.47,,0.0803402154499971,,,"4514551"
2020-04-05,"staple",93.47,,0.0803845166440694,,,"4514551"
2020-04-06,"staple",93.8,,0.0820015102277059,,,"4514551"
2020-04-07,"staple",94.29,,0.082200865601031,,,"4514551"
2020-04-08,"staple",93.13,,0.0823780703773199,,,"4514551"
2020-04-09,"staple",93.41,,0.0824888233625005,,,"4514551"
2020-04-10,"staple",88.56,,0.0826881787358256,,,"4514551"
2020-04-11,"staple",88.56,,0.0826660281387894,,,"4514551"
2020-04-12,"staple",88.56,,0.0826660281387894,,,"4514551"
2020-04-13,"staple",88.56,,0.0831090400795118,,,"4514551"
2020-04-14,"staple",83.71,,0.0832640942587646,,,"4514551"
2020-04-15,"staple",87.54,,0.0833748472439452,,,"4514551"
2020-04-16,"staple",86.25,,0.0834634496320897,,,"4514551"
2020-04-17,"staple",88.79,,0.0835520520202341,,,"4514551"
2020-04-18,"staple",88.245,,0.083153341273584,,,"4514551"
2020-04-19,"staple",88.245,,0.083153341273584,,,"4514551"
2020-04-20,"staple",87.7,,0.0841279675431732,,,"4514551"
2020-04-21,"staple",97.43,,0.0842608711253899,,,"4514551"
2020-04-22,"staple",94.23,,0.0843051723194621,,,"4514551"
2020-04-23,"staple",94.94,,0.0843494735135343,,,"4514551"
2020-04-24,"staple",95.36,,0.0844159253046427,,,"4514551"
2020-04-25,"staple",96.995,,0.0837071061994869,,,"4514551"
2020-04-26,"staple",96.995,,0.0837071061994869,,,"4514551"
2020-04-27,"staple",98.63,,0.0846152806779678,,,"4514551"
2020-04-28,"staple",99.35,,0.0846152806779678,,,"4514551"
2020-04-29,"staple",100.3,,0.0845709794838955,,,"4514551"
2020-04-30,"staple",101.16,75.9,0.0845709794838955,,,"4514551"
2020-05-01,"staple",103.71,,0.087694213665988,,,"4514551"
2020-05-02,"staple",103.7,,0.0871847499341574,,,"4514551"
2020-05-03,"staple",103.7,,0.0872069005311935,,,"4514551"
2020-05-04,"staple",103.69,,0.0878935690393131,,,"4514551"
2020-05-05,"staple",106.44,,0.0878935690393131,,,"4514551"
2020-05-06,"staple",106.36,,0.0880264726215298,,,"4514551"
2020-05-07,"staple",106.59,,0.0881372256067104,,,"4514551"
2020-05-08,"staple",103.805,,0.0881815268007826,,,"4514551"
2020-05-09,"staple",103.805,,0.087871418442277,,,"4514551"
2020-05-10,"staple",103.805,,0.087871418442277,,,"4514551"
2020-05-11,"staple",101.02,,0.0882036773978187,,,"4514551"
2020-05-12,"staple",100.22,,0.0882036773978187,,,"4514551"
2020-05-13,"staple",98.41,,0.0882036773978187,,,"4514551"
2020-05-14,"staple",97.39,,0.0882036773978187,,,"4514551"
2020-05-15,"staple",99.27,,0.0882258279948549,,,"4514551"
2020-05-16,"staple",100.28,,0.087871418442277,,,"4514551"
2020-05-17,"staple",100.28,,0.0878492678452409,,,"4514551"
2020-05-18,"staple",101.29,,0.0882701291889271,,,"4514551"
2020-05-19,"staple",99.14,,0.088247978591891,,,"4514551"
2020-05-20,"staple",100.61,,0.0882258279948549,,,"4514551"
2020-05-21,"staple",100.99,,0.0881593762037465,,,"4514551"
2020-05-22,"staple",101.55,,0.0881593762037465,,,"4514551"
2020-05-23,"staple",100.995,,0.0875391594867352,,,"4514551"
2020-05-24,"staple",100.995,,0.087494858292663,,,"4514551"
2020-05-25,"staple",100.995,,0.0879157196363492,,,"4514551"
2020-05-26,"staple",100.44,,0.0878271172482047,,,"4514551"
2020-05-27,"staple",103.18,,0.0877606654570964,,,"4514551"
2020-05-28,"staple",102.98,,0.087694213665988,,,"4514551"
2020-05-29,"staple",104.39,,0.0875391594867352,,,"4514551"
2020-05-30,"staple",104.28,,0.0857449611268097,,,"4514551"
2020-05-31,"staple",104.28,78.2,0.0849918408275818,,,"4514551"
2020-06-01,"staple",104.17,,0.0800522576885276,,,"4514551"
2020-06-02,"staple",113.29,,0.0799858058974193,,,"4514551"
2020-06-03,"staple",111.26,,0.0799636553003831,,,"4514551"
2020-06-04,"staple",111.91,,0.0799636553003831,,,"4514551"
2020-06-05,"staple",110.04,,0.0799858058974193,,,"4514551"
2020-06-06,"staple",108.295,,0.0794984927626247,,,"4514551"
2020-06-07,"staple",108.295,,0.0791662338070829,,,"4514551"
2020-06-08,"staple",106.55,,0.0792326855981913,,,"4514551"
2020-06-09,"staple",103.72,,0.0792105350011552,,,"4514551"
2020-06-10,"staple",101.89,,0.0792991373892996,,,"4514551"
2020-06-11,"staple",100.92,,0.0792326855981913,,,"4514551"
2020-06-12,"staple",100.69,,0.079188384404119,,,"4514551"
2020-06-13,"staple",100.165,,0.0787453724633967,,,"4514551"
2020-06-14,"staple",100.165,,0.0787010712693245,,,"4514551"
2020-06-15,"staple",99.64,,0.07861246888118,,,"4514551"
2020-06-16,"staple",100.29,,0.0783023605226743,,,"4514551"
2020-06-17,"staple",100.72,,0.078235908731566,,,"4514551"
2020-06-18,"staple",101.12,,0.0781473063434215,,,"4514551"
2020-06-19,"staple",101.6,,0.0780144027612048,,,"4514551"
2020-06-20,"staple",103.25,,0.0772612824619768,,,"4514551"
2020-06-21,"staple",103.25,,0.0767518187301461,,,"4514551"
2020-06-22,"staple",104.9,,0.0764417103716405,,,"4514551"
2020-06-23,"staple",104.43,,0.0762423549983154,,,"4514551"
2020-06-24,"staple",104.41,,0.0759986984309182,,,"4514551"
2020-06-25,"staple",104.34,,0.0757107406694486,,,"4514551"
2020-06-26,"staple",104.71,,0.0751569757435457,,,"4514551"
2020-06-27,"staple",105.43,,0.0737171869361981,,,"4514551"
2020-06-28,"staple",105.43,,0.0733627773836202,,,"4514551"
2020-06-29,"staple",106.15,,0.0724324523081033,,,"4514551"
2020-06-30,"staple",106.74,81.4,0.0722109463377421,4518322.02442137,2.5,"4514551"
2020-07-01,"staple",108.91,,0.0646132915543539,,,"4514551"
2020-07-02,"staple",110.65,,0.0645911409573178,,,"4514551"
2020-07-03,"staple",110.73,,0.0645246891662094,,,"4514551"
2020-07-04,"staple",109.4,,0.0644803879721372,,,"4514551"
2020-07-05,"staple",109.4,,0.0644582373751011,,,"4514551"
2020-07-06,"staple",108.07,,0.0643253337928844,,,"4514551"
2020-07-07,"staple",108.28,,0.064258882001776,,,"4514551"
2020-07-08,"staple",105.3,,0.0642145808077038,,,"4514551"
2020-07-09,"staple",103.69,,0.0641924302106677,,,"4514551"
2020-07-10,"staple",102.43,,0.064059526628451,,,"4514551"
2020-07-11,"staple",101.9,,0.0639930748373426,,,"4514551"
2020-07-12,"staple",101.9,,0.0639487736432704,,,"4514551"
2020-07-13,"staple",101.37,,0.0637937194640176,,,"4514551"
2020-07-14,"staple",100.56,,0.0637272676729092,,,"4514551"
2020-07-15,"staple",100.67,,0.0635722134936564,,,"4514551"
2020-07-16,"staple",100.07,,0.0633728581203313,,,"4514551"
2020-07-17,"staple",100.18,,0.0632621051351508,,,"4514551"
2020-07-18,"staple",100.09,,0.062929846179609,,,"4514551"
2020-07-19,"staple",100.09,,0.0628855449855368,,,"4514551"
2020-07-20,"staple",100,,0.0626640390151756,,,"4514551"
2020-07-21,"staple",99.81,,0.0622210270744533,,,"4514551"
2020-07-22,"staple",97.68,,0.0620216717011282,,,"4514551"
2020-07-23,"staple",97.14,,0.0618887681189115,,,"4514551"
2020-07-24,"staple",97.4,,0.0614900573722614,,,"4514551"
2020-07-25,"staple",98.07,,0.0609805936404307,,,"4514551"
2020-07-26,"staple",98.07,,0.0607147864759973,,,"4514551"
2020-07-27,"staple",98.74,,0.0603603769234194,,,"4514551"
2020-07-28,"staple",100.08,,0.0601388709530582,,,"4514551"
2020-07-29,"staple",103.59,,0.0597844614004804,,,"4514551"
2020-07-30,"staple",104.34,,0.0596737084152998,,,"4514551"
2020-07-31,"staple",105.06,88.2,0.0592306964745774,,,"4514551"
2020-08-01,"staple",107.53,,0.046671307955099,,,"4514551"
2020-08-02,"staple",107.53,,0.046671307955099,,,"4514551"
2020-08-03,"staple",110,,0.0466048561639906,,,"4514551"
2020-08-04,"staple",108.22,,0.0465384043728823,,,"4514551"
2020-08-05,"staple",107.01,,0.0465162537758461,,,"4514551"
2020-08-06,"staple",107.53,,0.04649410317881,,,"4514551"
2020-08-07,"staple",106.68,,0.0464719525817739,,,"4514551"
2020-08-08,"staple",104.595,,0.0464055007906656,,,"4514551"
2020-08-09,"staple",104.595,,0.0463833501936294,,,"4514551"
2020-08-10,"staple",102.51,,0.0462725972084489,,,"4514551"
2020-08-11,"staple",101.6,,0.0462061454173405,,,"4514551"
2020-08-12,"staple",101.26,,0.0461396936262322,,,"4514551"
2020-08-13,"staple",99.6,,0.046117543029196,,,"4514551"
2020-08-14,"staple",99.51,,0.0460953924321599,,,"4514551"
2020-08-15,"staple",99.605,,0.045918187655871,,,"4514551"
2020-08-16,"staple",99.605,,0.0458074346706904,,,"4514551"
2020-08-17,"staple",99.7,,0.0455637781032931,,,"4514551"
2020-08-18,"staple",99.08,,0.0454973263121848,,,"4514551"
2020-08-19,"staple",98.7,,0.0454530251181125,,,"4514551"
2020-08-20,"staple",98.23,,0.0454087239240403,,,"4514551"
2020-08-21,"staple",97.82,,0.0452758203418236,,,"4514551"
2020-08-22,"staple",97.76,,0.0450543143714624,,,"4514551"
2020-08-23,"staple",97.76,,0.0449878625803541,,,"4514551"
2020-08-24,"staple",97.7,,0.0447663566099929,,,"4514551"
2020-08-25,"staple",97.87,,0.0446556036248123,,,"4514551"
2020-08-26,"staple",98.6,,0.0444340976544511,,,"4514551"
2020-08-27,"staple",100.14,,0.0443454952663067,,,"4514551"
2020-08-28,"staple",101.27,,0.0444783988485234,,,"4514551"
2020-08-29,"staple",103.165,,0.0436366761611509,,,"4514551"
2020-08-30,"staple",103.165,,0.0435480737730064,,,"4514551"
2020-08-31,"staple",103.165,93.2,0.0430386100411757,,,"4514551"
2020-09-01,"staple",105.06,,0.0306342757009501,,,"4514551"
2020-09-02,"staple",108.8,,0.0306342757009501,,,"4514551"
2020-09-03,"staple",108.45,,0.0305899745068779,,,"4514551"
2020-09-04,"staple",107.84,,0.0305678239098418,,,"4514551"
2020-09-05,"staple",106.555,,0.0305013721187334,,,"4514551"
2020-09-06,"staple",106.555,,0.0305013721187334,,,"4514551"
2020-09-07,"staple",105.27,,0.0303906191335528,,,"4514551"
2020-09-08,"staple",105.81,,0.0302577155513361,,,"4514551"
2020-09-09,"staple",101.35,,0.0302355649543,,,"4514551"
2020-09-10,"staple",100.77,,0.0302134143572639,,,"4514551"
2020-09-11,"staple",100,,0.0301691131631916,,,"4514551"
2020-09-12,"staple",99.43,,0.0300805107750472,,,"4514551"
2020-09-13,"staple",99.43,,0.0300583601780111,,,"4514551"
2020-09-14,"staple",98.86,,0.0299033059987582,,,"4514551"
2020-09-15,"staple",98.74,,0.0298147036106138,,,"4514551"
2020-09-16,"staple",98.67,,0.0297482518195054,,,"4514551"
2020-09-17,"staple",98.56,,0.0297039506254332,,,"4514551"
2020-09-18,"staple",98.38,,0.0296818000283971,,,"4514551"
2020-09-19,"staple",98.805,,0.0295710470432165,,,"4514551"
2020-09-20,"staple",98.805,,0.0295488964461804,,,"4514551"
2020-09-21,"staple",99.23,,0.0293716916698914,,,"4514551"
2020-09-22,"staple",98.93,,0.0293052398787831,,,"4514551"
2020-09-23,"staple",99.72,,0.0292609386847108,,,"4514551"
2020-09-24,"staple",100.12,,0.0292166374906386,,,"4514551"
2020-09-25,"staple",100.7,,0.0291501856995303,,,"4514551"
2020-09-26,"staple",102.71,,0.0287957761469524,,,"4514551"
2020-09-27,"staple",102.71,,0.0287514749528801,,,"4514551"
2020-09-28,"staple",104.72,,0.0286185713706634,,,"4514551"
2020-09-29,"staple",106.49,,0.0284856677884467,,,"4514551"
2020-09-30,"staple",106.92,97.4,0.0284635171914106,4515880,2.8,"4514551"
2020-10-01,"staple",109.04,,0.0231916750968147,,,"4514551"
2020-10-02,"staple",110.54,,0.0231916750968147,,,"4514551"
2020-10-03,"staple",109.56,,0.0231916750968147,,,"4514551"
2020-10-04,"staple",109.56,,0.0231916750968147,,,"4514551"
2020-10-05,"staple",108.58,,0.0231695244997786,,,"4514551"
2020-10-06,"staple",105.31,,0.0231252233057064,,,"4514551"
2020-10-07,"staple",106.71,,0.0231252233057064,,,"4514551"
2020-10-08,"staple",104.27,,0.0231030727086703,,,"4514551"
2020-10-09,"staple",102.11,,0.0231030727086703,,,"4514551"
2020-10-10,"staple",101.23,,0.0230809221116341,,,"4514551"
2020-10-11,"staple",101.23,,0.0230809221116341,,,"4514551"
2020-10-12,"staple",100.35,,0.0230366209175619,,,"4514551"
2020-10-13,"staple",101.81,,0.0230144703205258,,,"4514551"
2020-10-14,"staple",99.3,,0.0230144703205258,,,"4514551"
2020-10-15,"staple",99.61,,0.0229923197234897,,,"4514551"
2020-10-16,"staple",100.07,,0.0229701691264536,,,"4514551"
2020-10-17,"staple",100.225,,0.0229037173353452,,,"4514551"
2020-10-18,"staple",100.225,,0.0229037173353452,,,"4514551"
2020-10-19,"staple",100.38,,0.0228372655442368,,,"4514551"
2020-10-20,"staple",100.53,,0.0228372655442368,,,"4514551"
2020-10-21,"staple",100.94,,0.0227708137531285,,,"4514551"
2020-10-22,"staple",101,,0.0227265125590563,,,"4514551"
2020-10-23,"staple",101.05,,0.0227043619620201,,,"4514551"
2020-10-24,"staple",101.895,,0.0225936089768396,,,"4514551"
2020-10-25,"staple",101.895,,0.0225714583798034,,,"4514551"
2020-10-26,"staple",102.74,,0.0224385547975867,,,"4514551"
2020-10-27,"staple",103.39,,0.0224164042005506,,,"4514551"
2020-10-28,"staple",104.25,,0.0224164042005506,,,"4514551"
2020-10-29,"staple",105.63,,0.0223499524094423,,,"4514551"
2020-10-30,"staple",106.88,,0.02230565121537,,,"4514551"
2020-10-31,"staple",110.37,99.5,0.0214639285279976,,,"4514551"
2020-11-01,"staple",110.37,,0.0265364152492684,,,"4514551"
2020-11-02,"staple",113.86,,0.0266028670403768,,,"4514551"
2020-11-03,"staple",116.99,,0.0266250176374129,,,"4514551"
2020-11-04,"staple",119.17,,0.0266693188314851,,,"4514551"
2020-11-05,"staple",119.63,,0.0281755594299411,,,"4514551"
2020-11-06,"staple",117.75,,0.0282863124151217,,,"4514551"
2020-11-07,"staple",113.97,,0.0283084630121578,,,"4514551"
2020-11-08,"staple",113.97,,0.0283084630121578,,,"4514551"
2020-11-09,"staple",110.19,,0.0284413665943745,,,"4514551"
2020-11-10,"staple",106.79,,0.0284635171914106,,,"4514551"
2020-11-11,"staple",104.33,,0.0284856677884467,,,"4514551"
2020-11-12,"staple",102.57,,0.0284856677884467,,,"4514551"
2020-11-13,"staple",103.38,,0.0285078183854829,,,"4514551"
2020-11-14,"staple",103.88,,0.0284856677884467,,,"4514551"
2020-11-15,"staple",103.88,,0.0284635171914106,,,"4514551"
2020-11-16,"staple",104.38,,0.0284413665943745,,,"4514551"
2020-11-17,"staple",104.78,,0.0284192159973384,,,"4514551"
2020-11-18,"staple",104.92,,0.0283970654003023,,,"4514551"
2020-11-19,"staple",105.25,,0.0283970654003023,,,"4514551"
2020-11-20,"staple",105.75,,0.0283749148032661,,,"4514551"
2020-11-21,"staple",106.74,,0.0283306136091939,,,"4514551"
2020-11-22,"staple",106.74,,0.0283084630121578,,,"4514551"
2020-11-23,"staple",107.73,,0.0282641618180856,,,"4514551"
2020-11-24,"staple",107.99,,0.0282198606240133,,,"4514551"
2020-11-25,"staple",108.86,,0.0281755594299411,,,"4514551"
2020-11-26,"staple",110.47,,0.0280869570417966,,,"4514551"
2020-11-27,"staple",112,,0.0280648064447605,,,"4514551"
2020-11-28,"staple",114.815,,0.0280426558477244,,,"4514551"
2020-11-29,"staple",114.815,,0.0279097522655077,,,"4514551"
2020-11-30,"staple",117.63,99.9,0.0276660956981104,,,"4514551"
2020-12-01,"staple",120.78,,0.0301469625661555,,,"4514551"
2020-12-02,"staple",123.65,,0.0301248119691194,,,"4514551"
2020-12-03,"staple",124.49,,0.0300583601780111,,,"4514551"
2020-12-04,"staple",124.92,,0.0300583601780111,,,"4514551"
2020-12-05,"staple",123.96,,0.0300805107750472,,,"4514551"
2020-12-06,"staple",123.96,,0.0300805107750472,,,"4514551"
2020-12-07,"staple",123,,0.0300805107750472,,,"4514551"
2020-12-08,"staple",121.62,,0.0300583601780111,,,"4514551"
2020-12-09,"staple",120.79,,0.0300362095809749,,,"4514551"
2020-12-10,"staple",120.88,,0.0300362095809749,,,"4514551"
2020-12-11,"staple",121.08,,0.0300362095809749,,,"4514551"
2020-12-12,"staple",120.595,,0.0300140589839388,,,"4514551"
2020-12-13,"staple",120.595,,0.0300140589839388,,,"4514551"
2020-12-14,"staple",120.11,,0.0300140589839388,,,"4514551"
2020-12-15,"staple",121.13,,0.0299919083869027,,,"4514551"
2020-12-16,"staple",121.81,,0.0299697577898666,,,"4514551"
2020-12-17,"staple",122.67,,0.0299697577898666,,,"4514551"
2020-12-18,"staple",123.9,,0.0299476071928305,,,"4514551"
2020-12-19,"staple",127.55,,0.0299476071928305,,,"4514551"
2020-12-20,"staple",127.55,,0.0300583601780111,,,"4514551"
2020-12-21,"staple",131.2,,0.0301026613720833,,,"4514551"
2020-12-22,"staple",140.63,,0.0300583601780111,,,"4514551"
2020-12-23,"staple",150.41,,0.0300805107750472,,,"4514551"
2020-12-24,"staple",160.82,,0.0300362095809749,,,"4514551"
2020-12-25,"staple",131.415,,0.0300362095809749,,,"4514551"
2020-12-26,"staple",131.415,,0.0299033059987582,,,"4514551"
2020-12-27,"staple",131.415,,0.0298811554017221,,,"4514551"
2020-12-28,"staple",131.415,,0.0298147036106138,,,"4514551"
2020-12-29,"staple",102.01,,0.0296596494313609,,,"4514551"
2020-12-30,"staple",92.4,,0.0295710470432165,,,"4514551"
2020-12-31,"staple",82.14,102.3,0.0293273904758192,4385860,3.2,"4514551"
2021-01-01,"staple",82.545,,0.0422854897419478,,,"4514551"
2021-01-02,"staple",82.545,,0.0422854897419478,,,"4514551"
2021-01-03,"staple",82.545,,0.0422854897419478,,,"4514551"
2021-01-04,"staple",82.95,,0.0423740921300922,,,"4514551"
2021-01-05,"staple",103.46,,0.0426398992945256,,,"4514551"
2021-01-06,"staple",100.8,,0.0427506522797062,,,"4514551"
2021-01-07,"staple",97.79,,0.0427728028767423,,,"4514551"
2021-01-08,"staple",99.36,,0.0428171040708146,,,"4514551"
2021-01-09,"staple",103.135,,0.0428614052648868,,,"4514551"
2021-01-10,"staple",103.135,,0.0428614052648868,,,"4514551"
2021-01-11,"staple",106.91,,0.0429278570559952,,,"4514551"
2021-01-12,"staple",102.72,,0.0429278570559952,,,"4514551"
2021-01-13,"staple",102.13,,0.0429500076530313,,,"4514551"
2021-01-14,"staple",101.51,,0.0429500076530313,,,"4514551"
2021-01-15,"staple",100.32,,0.0429278570559952,,,"4514551"
2021-01-16,"staple",100.72,,0.0428392546678507,,,"4514551"
2021-01-17,"staple",100.72,,0.0428614052648868,,,"4514551"
2021-01-18,"staple",101.12,,0.042905706458959,,,"4514551"
2021-01-19,"staple",101.07,,0.042905706458959,,,"4514551"
2021-01-20,"staple",100.86,,0.0428835558619229,,,"4514551"
2021-01-21,"staple",100.59,,0.0428171040708146,,,"4514551"
2021-01-22,"staple",101.34,,0.0427728028767423,,,"4514551"
2021-01-23,"staple",101.02,,0.0426842004885979,,,"4514551"
2021-01-24,"staple",101.02,,0.0426398992945256,,,"4514551"
2021-01-25,"staple",100.7,,0.0425734475034173,,,"4514551"
2021-01-26,"staple",101.06,,0.0424183933241645,,,"4514551"
2021-01-27,"staple",101.8,,0.0423740921300922,,,"4514551"
2021-01-28,"staple",103.25,,0.0425734475034173,,,"4514551"
2021-01-29,"staple",105.01,,0.0423740921300922,,,"4514551"
2021-01-30,"staple",108.05,,0.0413551646664308,,,"4514551"
2021-01-31,"staple",108.05,108.3,0.0410893575019974,,,"4514551"
2021-02-01,"staple",111.09,,0.0418424778012254,,,"4514551"
2021-02-02,"staple",112.69,,0.0418424778012254,,,"4514551"
2021-02-03,"staple",113.08,,0.0418424778012254,,,"4514551"
2021-02-04,"staple",113.47,,0.0418646283982615,,,"4514551"
2021-02-05,"staple",112.7,,0.0418646283982615,,,"4514551"
2021-02-06,"staple",111.385,,0.0418646283982615,,,"4514551"
2021-02-07,"staple",111.385,,0.0418646283982615,,,"4514551"
2021-02-08,"staple",110.07,,0.0419089295923338,,,"4514551"
2021-02-09,"staple",108.09,,0.0418867789952976,,,"4514551"
2021-02-10,"staple",106.76,,0.0418867789952976,,,"4514551"
2021-02-11,"staple",106.24,,0.0418867789952976,,,"4514551"
2021-02-12,"staple",106.89,,0.0418867789952976,,,"4514551"
2021-02-13,"staple",108.325,,0.0418646283982615,,,"4514551"
2021-02-14,"staple",108.325,,0.0418424778012254,,,"4514551"
2021-02-15,"staple",109.76,,0.0417538754130809,,,"4514551"
2021-02-16,"staple",110.9,,0.0416874236219726,,,"4514551"
2021-02-17,"staple",111.42,,0.0416874236219726,,,"4514551"
2021-02-18,"staple",111.32,,0.0416874236219726,,,"4514551"
2021-02-19,"staple",110.33,,0.0416652730249365,,,"4514551"
2021-02-20,"staple",108.185,,0.0415323694427198,,,"4514551"
2021-02-21,"staple",108.185,,0.0414659176516114,,,"4514551"
2021-02-22,"staple",106.04,,0.0413551646664308,,,"4514551"
2021-02-23,"staple",105,,0.0413108634723586,,,"4514551"
2021-02-24,"staple",103.93,,0.0412887128753225,,,"4514551"
2021-02-25,"staple",104.7,,0.0412444116812503,,,"4514551"
2021-02-26,"staple",105.69,,0.0411115080990336,,,"4514551"
2021-02-27,"staple",109.3,,0.0403140866057333,,,"4514551"
2021-02-28,"staple",109.3,,0.040247634814625,,,"4514551"
2021-03-01,"staple",112.91,,,,,"4514551"
2021-03-02,"staple",116.36,,,,,"4514551"
2021-03-03,"staple",119.81,,,,,"4514551"
2021-03-04,"staple",120.13,,,,,"4514551"
2021-03-05,"staple",120.6,,,,,"4514551"
2021-03-06,"staple",119.165,,,,,"4514551"
2021-03-07,"staple",119.165,,,,,"4514551"
2021-03-08,"staple",117.73,,,,,"4514551"
2021-03-09,"staple",116.33,,,,,"4514551"
2021-03-10,"staple",114.83,,,,,"4514551"
2021-03-11,"staple",114.85,,,,,"4514551"
2021-03-12,"staple",112.39,,,,,"4514551"
2021-03-13,"staple",114.94,,,,,"4514551"
2021-03-14,"staple",114.94,,,,,"4514551"
2021-03-15,"staple",117.49,,,,,"4514551"
2021-03-16,"staple",116.98,,,,,"4514551"
2021-03-17,"staple",116.94,,,,,"4514551"
2021-03-18,"staple",116.08,,,,,"4514551"
2021-03-19,"staple",117.82,,,,,"4514551"
2021-03-20,"staple",114.26,,,,,"4514551"
2021-03-21,"staple",114.26,,,,,"4514551"
2021-03-22,"staple",110.7,,,,,"4514551"
2021-03-23,"staple",110.67,,,,,"4514551"
2021-03-24,"staple",111.21,,,,,"4514551"
2021-03-25,"staple",111.07,,,,,"4514551"
2021-03-26,"staple",112.75,,,,,"4514551"
2021-03-27,"staple",115.275,,,,,"4514551"
2021-03-28,"staple",115.275,,,,,"4514551"
2021-03-29,"staple",117.8,,,,,"4514551"
2021-03-30,"staple",119.66,,,,,"4514551"
2021-03-31,"staple",121.21,,,,,"4514551"
2020-03-04,"work_related",110.11,,,,,"1574014"
2020-03-05,"work_related",109.9,,,,,"1574014"
2020-03-06,"work_related",109.54,,,,,"1574014"
2020-03-07,"work_related",107.975,,,,,"1574014"
2020-03-08,"work_related",107.975,,,,,"1574014"
2020-03-09,"work_related",106.41,,,,,"1574014"
2020-03-10,"work_related",104.66,,,,,"1574014"
2020-03-11,"work_related",103.59,,,,,"1574014"
2020-03-12,"work_related",102.74,,,,,"1574014"
2020-03-13,"work_related",101.32,,,,,"1574014"
2020-03-14,"work_related",99.585,,,,,"1574014"
2020-03-15,"work_related",99.585,,,,,"1574014"
2020-03-16,"work_related",97.85,,,,,"1574014"
2020-03-17,"work_related",96.18,,,,,"1574014"
2020-03-18,"work_related",95.02,,,,,"1574014"
2020-03-19,"work_related",93.7,,,,,"1574014"
2020-03-20,"work_related",92.6,,,,,"1574014"
2020-03-21,"work_related",89.665,,,,,"1574014"
2020-03-22,"work_related",89.665,,,,,"1574014"
2020-03-23,"work_related",86.73,,0.107622930926917,,,"1574014"
2020-03-24,"work_related",82.75,,0.116771515374069,,,"1574014"
2020-03-25,"work_related",78.12,,0.122743507999294,,,"1574014"
2020-03-26,"work_related",70.71,,0.126174227166976,,,"1574014"
2020-03-27,"work_related",63.94,,0.143772545860456,,,"1574014"
2020-03-28,"work_related",54.795,,0.14669501033663,,,"1574014"
2020-03-29,"work_related",54.795,,0.155970658456659,,,"1574014"
2020-03-30,"work_related",45.65,,0.173632508986578,,,"1574014"
2020-03-31,"work_related",40.81,86.7,0.174712550206034,1553572.41261812,2.3,"1574014"
2020-04-01,"work_related",36.92,,0.237545536443767,,,"1574014"
2020-04-02,"work_related",36.36,,0.238371450317469,,,"1574014"
2020-04-03,"work_related",35.55,,0.239515023373363,,,"1574014"
2020-04-04,"work_related",35.2,,0.239515023373363,,,"1574014"
2020-04-05,"work_related",35.2,,0.240595064592818,,,"1574014"
2020-04-06,"work_related",34.85,,0.235321922168418,,,"1574014"
2020-04-07,"work_related",35.24,,0.235576049514172,,,"1574014"
2020-04-08,"work_related",35.27,,0.235766645023488,,,"1574014"
2020-04-09,"work_related",35.2,,0.236020772369242,,,"1574014"
2020-04-10,"work_related",34.96,,0.236274899714996,,,"1574014"
2020-04-11,"work_related",34.96,,0.235893708696365,,,"1574014"
2020-04-12,"work_related",34.96,,0.236020772369242,,,"1574014"
2020-04-13,"work_related",34.96,,0.237164345425136,,,"1574014"
2020-04-14,"work_related",34.72,,0.237100813588697,,,"1574014"
2020-04-15,"work_related",34.06,,0.237164345425136,,,"1574014"
2020-04-16,"work_related",34.3,,0.237291409098013,,,"1574014"
2020-04-17,"work_related",34.8,,0.237482004607329,,,"1574014"
2020-04-18,"work_related",35.035,,0.235703113187049,,,"1574014"
2020-04-19,"work_related",35.035,,0.23652902706075,,,"1574014"
2020-04-20,"work_related",35.27,,0.240213873574187,,,"1574014"
2020-04-21,"work_related",35.04,,0.240150341737748,,,"1574014"
2020-04-22,"work_related",36.23,,0.240277405410625,,,"1574014"
2020-04-23,"work_related",36.28,,0.240277405410625,,,"1574014"
2020-04-24,"work_related",37.13,,0.240468000919941,,,"1574014"
2020-04-25,"work_related",38.535,,0.238244386644591,,,"1574014"
2020-04-26,"work_related",38.535,,0.23830791848103,,,"1574014"
2020-04-27,"work_related",39.94,,0.241611573975835,,,"1574014"
2020-04-28,"work_related",40.46,,0.241675105812274,,,"1574014"
2020-04-29,"work_related",40.65,,0.241675105812274,,,"1574014"
2020-04-30,"work_related",40.94,64.7,0.241865701321589,,,"1574014"
2020-05-01,"work_related",40.81,,0.248600075984076,,,"1574014"
2020-05-02,"work_related",41.06,,0.246376461708727,,,"1574014"
2020-05-03,"work_related",41.06,,0.246503525381604,,,"1574014"
2020-05-04,"work_related",41.31,,0.248282416801884,,,"1574014"
2020-05-05,"work_related",41.58,,0.248155353129006,,,"1574014"
2020-05-06,"work_related",42.38,,0.248409480474761,,,"1574014"
2020-05-07,"work_related",43.33,,0.248536544147638,,,"1574014"
2020-05-08,"work_related",44.025,,0.248600075984076,,,"1574014"
2020-05-09,"work_related",44.025,,0.246376461708727,,,"1574014"
2020-05-10,"work_related",44.025,,0.246503525381604,,,"1574014"
2020-05-11,"work_related",44.72,,0.248091821292568,,,"1574014"
2020-05-12,"work_related",44.87,,0.247964757619691,,,"1574014"
2020-05-13,"work_related",44.97,,0.247964757619691,,,"1574014"
2020-05-14,"work_related",45.4,,0.248028289456129,,,"1574014"
2020-05-15,"work_related",46.02,,0.248028289456129,,,"1574014"
2020-05-16,"work_related",47.305,,0.24535995232571,,,"1574014"
2020-05-17,"work_related",47.305,,0.244978761307079,,,"1574014"
2020-05-18,"work_related",48.59,,0.24580467518078,,,"1574014"
2020-05-19,"work_related",49.83,,0.245741143344341,,,"1574014"
2020-05-20,"work_related",50.68,,0.246058802526534,,,"1574014"
2020-05-21,"work_related",51.42,,0.246122334362973,,,"1574014"
2020-05-22,"work_related",52.38,,0.246122334362973,,,"1574014"
2020-05-23,"work_related",53.5,,0.243644592741869,,,"1574014"
2020-05-24,"work_related",53.5,,0.242628083358852,,,"1574014"
2020-05-25,"work_related",53.5,,0.244279911106254,,,"1574014"
2020-05-26,"work_related",54.62,,0.2440257837605,,,"1574014"
2020-05-27,"work_related",55.06,,0.243962251924062,,,"1574014"
2020-05-28,"work_related",55.8,,0.243898720087623,,,"1574014"
2020-05-29,"work_related",56.97,,0.243771656414746,,,"1574014"
2020-05-30,"work_related",58.535,,0.238625577663223,,,"1574014"
2020-05-31,"work_related",58.535,69,0.235512517677733,,,"1574014"
2020-06-01,"work_related",60.1,,0.218422453675761,,,"1574014"
2020-06-02,"work_related",63.53,,0.218358921839323,,,"1574014"
2020-06-03,"work_related",64.79,,0.218295390002884,,,"1574014"
2020-06-04,"work_related",65.17,,0.218358921839323,,,"1574014"
2020-06-05,"work_related",64.41,,0.218422453675761,,,"1574014"
2020-06-06,"work_related",62.895,,0.216389434909728,,,"1574014"
2020-06-07,"work_related",62.895,,0.215690584708903,,,"1574014"
2020-06-08,"work_related",61.38,,0.216008243891096,,,"1574014"
2020-06-09,"work_related",60.6,,0.216008243891096,,,"1574014"
2020-06-10,"work_related",60.22,,0.216071775727535,,,"1574014"
2020-06-11,"work_related",60.08,,0.216071775727535,,,"1574014"
2020-06-12,"work_related",60.19,,0.216198839400412,,,"1574014"
2020-06-13,"work_related",61.225,,0.214547011653009,,,"1574014"
2020-06-14,"work_related",61.225,,0.213975225125062,,,"1574014"
2020-06-15,"work_related",62.26,,0.214356416143694,,,"1574014"
2020-06-16,"work_related",63.33,,0.21410228879794,,,"1574014"
2020-06-17,"work_related",63.78,,0.21410228879794,,,"1574014"
2020-06-18,"work_related",64.38,,0.21410228879794,,,"1574014"
2020-06-19,"work_related",64.97,,0.214038756961501,,,"1574014"
2020-06-20,"work_related",66.085,,0.21187867452259,,,"1574014"
2020-06-21,"work_related",66.085,,0.210226846775188,,,"1574014"
2020-06-22,"work_related",67.2,,0.206732595771067,,,"1574014"
2020-06-23,"work_related",67.53,,0.20660553209819,,,"1574014"
2020-06-24,"work_related",68.67,,0.206542000261751,,,"1574014"
2020-06-25,"work_related",68.19,,0.206097277406681,,,"1574014"
2020-06-26,"work_related",71.32,,0.205207831696541,,,"1574014"
2020-06-27,"work_related",73.44,,0.200760603145842,,,"1574014"
2020-06-28,"work_related",73.44,,0.19777460683323,,,"1574014"
2020-06-29,"work_related",75.56,,0.193645037464724,,,"1574014"
2020-06-30,"work_related",76.02,78.2,0.193200314609654,1563628.70255042,0.7,"1574014"
2020-07-01,"work_related",76.15,,0.177698546518646,,,"1574014"
2020-07-02,"work_related",77.9,,0.177698546518646,,,"1574014"
2020-07-03,"work_related",76.44,,0.177444419172892,,,"1574014"
2020-07-04,"work_related",75.725,,0.177190291827137,,,"1574014"
2020-07-05,"work_related",75.725,,0.176554973462752,,,"1574014"
2020-07-06,"work_related",75.01,,0.175792591425489,,,"1574014"
2020-07-07,"work_related",75.91,,0.175538464079735,,,"1574014"
2020-07-08,"work_related",76.34,,0.175284336733981,,,"1574014"
2020-07-09,"work_related",76.39,,0.175157273061104,,,"1574014"
2020-07-10,"work_related",76.6,,0.174966677551788,,,"1574014"
2020-07-11,"work_related",78.175,,0.174649018369595,,,"1574014"
2020-07-12,"work_related",78.175,,0.173823104495894,,,"1574014"
2020-07-13,"work_related",79.75,,0.172933658785754,,,"1574014"
2020-07-14,"work_related",80.22,,0.172615999603561,,,"1574014"
2020-07-15,"work_related",80.58,,0.171218299201913,,,"1574014"
2020-07-16,"work_related",81.2,,0.169820598800265,,,"1574014"
2020-07-17,"work_related",82.02,,0.169185280435879,,,"1574014"
2020-07-18,"work_related",82.425,,0.168549962071494,,,"1574014"
2020-07-19,"work_related",82.425,,0.168041707379985,,,"1574014"
2020-07-20,"work_related",82.83,,0.16696166616053,,,"1574014"
2020-07-21,"work_related",83.65,,0.166707538814775,,,"1574014"
2020-07-22,"work_related",84.27,,0.166580475141898,,,"1574014"
2020-07-23,"work_related",84.82,,0.166389879632583,,,"1574014"
2020-07-24,"work_related",85.28,,0.166199284123267,,,"1574014"
2020-07-25,"work_related",85.035,,0.165691029431759,,,"1574014"
2020-07-26,"work_related",85.035,,0.164928647394496,,,"1574014"
2020-07-27,"work_related",84.79,,0.16384860617504,,,"1574014"
2020-07-28,"work_related",84.31,,0.163530946992848,,,"1574014"
2020-07-29,"work_related",84.25,,0.162959160464901,,,"1574014"
2020-07-30,"work_related",84.66,,0.162641501282708,,,"1574014"
2020-07-31,"work_related",85.6,81.9,0.161497928226814,,,"1574014"
2020-08-01,"work_related",88.12,,0.133416856520971,,,"1574014"
2020-08-02,"work_related",88.12,,0.133099197338778,,,"1574014"
2020-08-03,"work_related",90.64,,0.132400347137954,,,"1574014"
2020-08-04,"work_related",92.07,,0.1321462197922,,,"1574014"
2020-08-05,"work_related",92.41,,0.132019156119323,,,"1574014"
2020-08-06,"work_related",92.49,,0.131955624282884,,,"1574014"
2020-08-07,"work_related",92.24,,0.131828560610007,,,"1574014"
2020-08-08,"work_related",91.66,,0.131574433264253,,,"1574014"
2020-08-09,"work_related",91.66,,0.131320305918499,,,"1574014"
2020-08-10,"work_related",91.08,,0.130748519390552,,,"1574014"
2020-08-11,"work_related",91.36,,0.130621455717675,,,"1574014"
2020-08-12,"work_related",92.06,,0.130621455717675,,,"1574014"
2020-08-13,"work_related",92.53,,0.130494392044798,,,"1574014"
2020-08-14,"work_related",92.38,,0.130430860208359,,,"1574014"
2020-08-15,"work_related",91.345,,0.129986137353289,,,"1574014"
2020-08-16,"work_related",91.345,,0.129795541843973,,,"1574014"
2020-08-17,"work_related",90.31,,0.129033159806711,,,"1574014"
2020-08-18,"work_related",89.63,,0.128906096133834,,,"1574014"
2020-08-19,"work_related",89.36,,0.128842564297395,,,"1574014"
2020-08-20,"work_related",89.06,,0.128779032460957,,,"1574014"
2020-08-21,"work_related",89.58,,0.128588436951641,,,"1574014"
2020-08-22,"work_related",90.135,,0.12820724593301,,,"1574014"
2020-08-23,"work_related",90.135,,0.127889586750817,,,"1574014"
2020-08-24,"work_related",90.69,,0.127254268386431,,,"1574014"
2020-08-25,"work_related",91.28,,0.127063672877115,,,"1574014"
2020-08-26,"work_related",91.2,,0.1268730773678,,,"1574014"
2020-08-27,"work_related",92.04,,0.126682481858484,,,"1574014"
2020-08-28,"work_related",92.31,,0.126364822676291,,,"1574014"
2020-08-29,"work_related",94.2,,0.124077676564503,,,"1574014"
2020-08-30,"work_related",94.2,,0.122425848817101,,,"1574014"
2020-08-31,"work_related",94.2,83.1,0.120329298214628,,,"1574014"
2020-09-01,"work_related",96.09,,0.100761492591553,,,"1574014"
2020-09-02,"work_related",97.39,,0.100825024427991,,,"1574014"
2020-09-03,"work_related",97.1,,0.100761492591553,,,"1574014"
2020-09-04,"work_related",96.79,,0.100697960755114,,,"1574014"
2020-09-05,"work_related",96.715,,0.100570897082237,,,"1574014"
2020-09-06,"work_related",96.715,,0.100253237900044,,,"1574014"
2020-09-07,"work_related",96.64,,0.0999355787178513,,,"1574014"
2020-09-08,"work_related",94.21,,0.0997449832085356,,,"1574014"
2020-09-09,"work_related",93.27,,0.0996814513720971,,,"1574014"
2020-09-10,"work_related",93.48,,0.0996179195356585,,,"1574014"
2020-09-11,"work_related",93.6,,0.09955438769922,,,"1574014"
2020-09-12,"work_related",93.995,,0.0992367285170272,,,"1574014"
2020-09-13,"work_related",93.995,,0.0989826011712729,,,"1574014"
2020-09-14,"work_related",94.39,,0.0986014101526416,,,"1574014"
2020-09-15,"work_related",95.05,,0.098537878316203,,,"1574014"
2020-09-16,"work_related",95.52,,0.0984108146433259,,,"1574014"
2020-09-17,"work_related",95.15,,0.0983472828068874,,,"1574014"
2020-09-18,"work_related",94.95,,0.0982202191340102,,,"1574014"
2020-09-19,"work_related",94.18,,0.097966091788256,,,"1574014"
2020-09-20,"work_related",94.18,,0.0978390281153789,,,"1574014"
2020-09-21,"work_related",93.41,,0.0974578370967475,,,"1574014"
2020-09-22,"work_related",92.46,,0.0973307734238704,,,"1574014"
2020-09-23,"work_related",91.41,,0.0972672415874319,,,"1574014"
2020-09-24,"work_related",90.5,,0.0970131142416776,,,"1574014"
2020-09-25,"work_related",89.75,,0.096822518732362,,,"1574014"
2020-09-26,"work_related",89.515,,0.0960601366950993,,,"1574014"
2020-09-27,"work_related",89.515,,0.0955518820035908,,,"1574014"
2020-09-28,"work_related",89.28,,0.0949165636392052,,,"1574014"
2020-09-29,"work_related",89.11,,0.094662436293451,,,"1574014"
2020-09-30,"work_related",89.13,85.6,0.0944718407841353,1549779,1.6,"1574014"
2020-10-01,"work_related",89.81,,0.0809395596227225,,,"1574014"
2020-10-02,"work_related",90.29,,0.0809395596227225,,,"1574014"
2020-10-03,"work_related",88.525,,0.0809395596227225,,,"1574014"
2020-10-04,"work_related",88.525,,0.0810030914591611,,,"1574014"
2020-10-05,"work_related",86.76,,0.0810666232955997,,,"1574014"
2020-10-06,"work_related",86.17,,0.0810666232955997,,,"1574014"
2020-10-07,"work_related",85.78,,0.0810666232955997,,,"1574014"
2020-10-08,"work_related",85.34,,0.0810666232955997,,,"1574014"
2020-10-09,"work_related",84.6,,0.0810030914591611,,,"1574014"
2020-10-10,"work_related",85.145,,0.0810030914591611,,,"1574014"
2020-10-11,"work_related",85.145,,0.0810030914591611,,,"1574014"
2020-10-12,"work_related",85.69,,0.0810030914591611,,,"1574014"
2020-10-13,"work_related",85.53,,0.0810030914591611,,,"1574014"
2020-10-14,"work_related",85.41,,0.0809395596227225,,,"1574014"
2020-10-15,"work_related",85.18,,0.080876027786284,,,"1574014"
2020-10-16,"work_related",85.4,,0.0808124959498454,,,"1574014"
2020-10-17,"work_related",84.885,,0.0807489641134069,,,"1574014"
2020-10-18,"work_related",84.885,,0.0806219004405297,,,"1574014"
2020-10-19,"work_related",84.37,,0.0806854322769683,,,"1574014"
2020-10-20,"work_related",84.12,,0.0805583686040912,,,"1574014"
2020-10-21,"work_related",83.35,,0.0804313049312141,,,"1574014"
2020-10-22,"work_related",82.97,,0.0803677730947755,,,"1574014"
2020-10-23,"work_related",82.37,,0.0802407094218984,,,"1574014"
2020-10-24,"work_related",82.005,,0.0801136457490213,,,"1574014"
2020-10-25,"work_related",82.005,,0.0801771775854598,,,"1574014"
2020-10-26,"work_related",81.64,,0.0800501139125827,,,"1574014"
2020-10-27,"work_related",81.72,,0.0799865820761442,,,"1574014"
2020-10-28,"work_related",82.15,,0.0799230502397056,,,"1574014"
2020-10-29,"work_related",82.48,,0.0796689228939514,,,"1574014"
2020-10-30,"work_related",82.62,,0.0794783273846357,,,"1574014"
2020-10-31,"work_related",83.43,86.8,0.0772547131092862,,,"1574014"
2020-11-01,"work_related",83.43,,0.107622930926917,,,"1574014"
2020-11-02,"work_related",84.24,,0.108067653781987,,,"1574014"
2020-11-03,"work_related",85.13,,0.108512376637057,,,"1574014"
2020-11-04,"work_related",86.34,,0.108830035819249,,,"1574014"
2020-11-05,"work_related",87.55,,0.110100672548021,,,"1574014"
2020-11-06,"work_related",86.5,,0.110291268057336,,,"1574014"
2020-11-07,"work_related",81.4,,0.110735990912406,,,"1574014"
2020-11-08,"work_related",81.4,,0.110926586421722,,,"1574014"
2020-11-09,"work_related",76.3,,0.114039646407211,,,"1574014"
2020-11-10,"work_related",73.35,,0.114293773752965,,,"1574014"
2020-11-11,"work_related",70.29,,0.114357305589404,,,"1574014"
2020-11-12,"work_related",66.69,,0.114357305589404,,,"1574014"
2020-11-13,"work_related",65.51,,0.114420837425842,,,"1574014"
2020-11-14,"work_related",65.235,,0.114420837425842,,,"1574014"
2020-11-15,"work_related",65.235,,0.114484369262281,,,"1574014"
2020-11-16,"work_related",64.96,,0.114611432935158,,,"1574014"
2020-11-17,"work_related",65.06,,0.11454790109872,,,"1574014"
2020-11-18,"work_related",65.16,,0.11454790109872,,,"1574014"
2020-11-19,"work_related",65.33,,0.11454790109872,,,"1574014"
2020-11-20,"work_related",65.53,,0.114484369262281,,,"1574014"
2020-11-21,"work_related",66.175,,0.114166710080088,,,"1574014"
2020-11-22,"work_related",66.175,,0.113976114570773,,,"1574014"
2020-11-23,"work_related",66.82,,0.113849050897895,,,"1574014"
2020-11-24,"work_related",69.53,,0.11365845538858,,,"1574014"
2020-11-25,"work_related",69.49,,0.113531391715703,,,"1574014"
2020-11-26,"work_related",69.61,,0.11321373253351,,,"1574014"
2020-11-27,"work_related",70.06,,0.11276900967844,,,"1574014"
2020-11-28,"work_related",71.165,,0.111625436622546,,,"1574014"
2020-11-29,"work_related",71.165,,0.110926586421722,,,"1574014"
2020-11-30,"work_related",72.27,86.9,0.109719481529389,,,"1574014"
2020-12-01,"work_related",70.65,,0.104573402777866,,,"1574014"
2020-12-02,"work_related",72.25,,0.104636934614305,,,"1574014"
2020-12-03,"work_related",74.11,,0.104319275432112,,,"1574014"
2020-12-04,"work_related",75.6,,0.104255743595673,,,"1574014"
2020-12-05,"work_related",78.375,,0.104128679922796,,,"1574014"
2020-12-06,"work_related",78.375,,0.104128679922796,,,"1574014"
2020-12-07,"work_related",81.15,,0.104065148086358,,,"1574014"
2020-12-08,"work_related",82.35,,0.10393808441348,,,"1574014"
2020-12-09,"work_related",83.15,,0.103747488904165,,,"1574014"
2020-12-10,"work_related",83.48,,0.103620425231288,,,"1574014"
2020-12-11,"work_related",83.7,,0.103556893394849,,,"1574014"
2020-12-12,"work_related",83.32,,0.103493361558411,,,"1574014"
2020-12-13,"work_related",83.32,,0.103429829721972,,,"1574014"
2020-12-14,"work_related",82.94,,0.103493361558411,,,"1574014"
2020-12-15,"work_related",82.57,,0.103302766049095,,,"1574014"
2020-12-16,"work_related",82.51,,0.103302766049095,,,"1574014"
2020-12-17,"work_related",82.13,,0.103302766049095,,,"1574014"
2020-12-18,"work_related",82.19,,0.103239234212656,,,"1574014"
2020-12-19,"work_related",82.11,,0.103175702376218,,,"1574014"
2020-12-20,"work_related",82.11,,0.103175702376218,,,"1574014"
2020-12-21,"work_related",82.03,,0.103811020740603,,,"1574014"
2020-12-22,"work_related",81.61,,0.103747488904165,,,"1574014"
2020-12-23,"work_related",81.01,,0.103620425231288,,,"1574014"
2020-12-24,"work_related",81.23,,0.103747488904165,,,"1574014"
2020-12-25,"work_related",71.12,,0.103556893394849,,,"1574014"
2020-12-26,"work_related",71.12,,0.103175702376218,,,"1574014"
2020-12-27,"work_related",71.12,,0.103048638703341,,,"1574014"
2020-12-28,"work_related",71.12,,0.102921575030464,,,"1574014"
2020-12-29,"work_related",61.01,,0.102667447684709,,,"1574014"
2020-12-30,"work_related",57.61,,0.102286256666078,,,"1574014"
2020-12-31,"work_related",54.32,89.6,0.101269747283061,1525691,1.9,"1574014"
2021-01-01,"work_related",53.835,,0.124903590438204,,,"1574014"
2021-01-02,"work_related",53.835,,0.12509418594752,,,"1574014"
2021-01-03,"work_related",53.835,,0.125284781456836,,,"1574014"
2021-01-04,"work_related",53.35,,0.125348313293274,,,"1574014"
2021-01-05,"work_related",53.97,,0.125411845129713,,,"1574014"
2021-01-06,"work_related",54.34,,0.125475376966152,,,"1574014"
2021-01-07,"work_related",54.01,,0.12553890880259,,,"1574014"
2021-01-08,"work_related",54.67,,0.125602440639029,,,"1574014"
2021-01-09,"work_related",55.51,,0.125665972475467,,,"1574014"
2021-01-10,"work_related",55.51,,0.12598363165766,,,"1574014"
2021-01-11,"work_related",56.35,,0.126047163494099,,,"1574014"
2021-01-12,"work_related",55.54,,0.126047163494099,,,"1574014"
2021-01-13,"work_related",55.29,,0.126047163494099,,,"1574014"
2021-01-14,"work_related",55.1,,0.126110695330537,,,"1574014"
2021-01-15,"work_related",54.67,,0.126110695330537,,,"1574014"
2021-01-16,"work_related",54.91,,0.125920099821221,,,"1574014"
2021-01-17,"work_related",54.91,,0.126237759003414,,,"1574014"
2021-01-18,"work_related",55.15,,0.12642835451273,,,"1574014"
2021-01-19,"work_related",55.4,,0.126364822676291,,,"1574014"
2021-01-20,"work_related",55.47,,0.126364822676291,,,"1574014"
2021-01-21,"work_related",55.47,,0.126301290839853,,,"1574014"
2021-01-22,"work_related",55.94,,0.126237759003414,,,"1574014"
2021-01-23,"work_related",56.505,,0.126174227166976,,,"1574014"
2021-01-24,"work_related",56.505,,0.12642835451273,,,"1574014"
2021-01-25,"work_related",57.07,,0.12642835451273,,,"1574014"
2021-01-26,"work_related",57.48,,0.126301290839853,,,"1574014"
2021-01-27,"work_related",58.07,,0.126237759003414,,,"1574014"
2021-01-28,"work_related",58.97,,0.126174227166976,,,"1574014"
2021-01-29,"work_related",59.57,,0.125729504311906,,,"1574014"
2021-01-30,"work_related",60.7,,0.123442358200118,,,"1574014"
2021-01-31,"work_related",60.7,83.4,0.122425848817101,,,"1574014"
2021-02-01,"work_related",61.83,,0.125030654111082,,,"1574014"
2021-02-02,"work_related",62.26,,0.125030654111082,,,"1574014"
2021-02-03,"work_related",62.2,,0.125030654111082,,,"1574014"
2021-02-04,"work_related",62.14,,0.125030654111082,,,"1574014"
2021-02-05,"work_related",62.25,,0.125030654111082,,,"1574014"
2021-02-06,"work_related",62.05,,0.125030654111082,,,"1574014"
2021-02-07,"work_related",62.05,,0.125157717783959,,,"1574014"
2021-02-08,"work_related",61.85,,0.125411845129713,,,"1574014"
2021-02-09,"work_related",61.35,,0.125348313293274,,,"1574014"
2021-02-10,"work_related",61.35,,0.125348313293274,,,"1574014"
2021-02-11,"work_related",61.57,,0.125348313293274,,,"1574014"
2021-02-12,"work_related",61.96,,0.125348313293274,,,"1574014"
2021-02-13,"work_related",62.55,,0.125284781456836,,,"1574014"
2021-02-14,"work_related",62.55,,0.125348313293274,,,"1574014"
2021-02-15,"work_related",63.14,,0.125157717783959,,,"1574014"
2021-02-16,"work_related",63.74,,0.125030654111082,,,"1574014"
2021-02-17,"work_related",64.25,,0.125030654111082,,,"1574014"
2021-02-18,"work_related",64.35,,0.125030654111082,,,"1574014"
2021-02-19,"work_related",64.37,,0.125030654111082,,,"1574014"
2021-02-20,"work_related",64.345,,0.124840058601766,,,"1574014"
2021-02-21,"work_related",64.345,,0.124840058601766,,,"1574014"
2021-02-22,"work_related",64.32,,0.124585931256012,,,"1574014"
2021-02-23,"work_related",64.09,,0.124522399419573,,,"1574014"
2021-02-24,"work_related",64.17,,0.124522399419573,,,"1574014"
2021-02-25,"work_related",64.4,,0.124458867583135,,,"1574014"
2021-02-26,"work_related",64.93,,0.124331803910257,,,"1574014"
2021-02-27,"work_related",67.505,,0.122552912489978,,,"1574014"
2021-02-28,"work_related",67.505,,0.122108189634908,,,"1574014"
2021-03-01,"work_related",70.08,,,,,"1574014"
2021-03-02,"work_related",71.53,,,,,"1574014"
2021-03-03,"work_related",72.46,,,,,"1574014"
2021-03-04,"work_related",73.1,,,,,"1574014"
2021-03-05,"work_related",73.37,,,,,"1574014"
2021-03-06,"work_related",72.54,,,,,"1574014"
2021-03-07,"work_related",72.54,,,,,"1574014"
2021-03-08,"work_related",71.71,,,,,"1574014"
2021-03-09,"work_related",71.75,,,,,"1574014"
2021-03-10,"work_related",72.14,,,,,"1574014"
2021-03-11,"work_related",72.45,,,,,"1574014"
2021-03-12,"work_related",72.91,,,,,"1574014"
2021-03-13,"work_related",73.8,,,,,"1574014"
2021-03-14,"work_related",73.8,,,,,"1574014"
2021-03-15,"work_related",74.69,,,,,"1574014"
2021-03-16,"work_related",75.07,,,,,"1574014"
2021-03-17,"work_related",75.27,,,,,"1574014"
2021-03-18,"work_related",75.88,,,,,"1574014"
2021-03-19,"work_related",76.28,,,,,"1574014"
2021-03-20,"work_related",76.13,,,,,"1574014"
2021-03-21,"work_related",76.13,,,,,"1574014"
2021-03-22,"work_related",75.98,,,,,"1574014"
2021-03-23,"work_related",76.07,,,,,"1574014"
2021-03-24,"work_related",76.22,,,,,"1574014"
2021-03-25,"work_related",76.41,,,,,"1574014"
2021-03-26,"work_related",76.98,,,,,"1574014"
2021-03-27,"work_related",77.955,,,,,"1574014"
2021-03-28,"work_related",77.955,,,,,"1574014"
2021-03-29,"work_related",78.93,,,,,"1574014"
2021-03-30,"work_related",79.9,,,,,"1574014"
2021-03-31,"work_related",81.59,,,,,"1574014"
